id,Predicted
14061,1
16467,0
25725,0
9100,0
32597,0
12156,1
2908,1
38379,0
38263,1
22142,1
18682,1
30513,1
573,1
25191,0
13948,1
34343,1
21345,0
37655,1
6014,0
13765,0
3182,0
8361,0
25144,1
29199,1
18241,0
8098,0
24576,0
21636,0
26330,1
12803,1
12848,1
37276,1
29855,1
24145,1
16680,0
18307,0
32605,1
3611,1
29300,0
38283,1
20512,1
14651,0
23312,0
5253,1
28757,0
5897,0
22489,0
8114,1
22440,0
3100,0
27024,1
7777,1
14173,0
688,0
6275,0
39149,0
862,1
26366,1
38652,1
37203,0
16558,1
10343,0
2813,0
20745,1
18482,1
20604,0
14256,1
25083,1
37507,1
5016,0
1471,1
4232,0
13322,1
36953,1
12435,0
33090,0
16034,1
24410,0
4358,0
25274,0
14915,0
10348,0
24949,1
8973,1
29334,1
35718,0
27746,0
13715,1
24481,0
14381,1
12143,1
4525,1
21116,1
19947,1
9595,0
3203,0
960,0
11416,1
30305,1
16390,1
31219,0
15807,1
33847,1
18262,1
35862,1
35613,1
7639,1
35979,0
3861,0
24598,1
11087,1
9554,1
20281,0
29879,0
11309,1
17477,1
27015,0
10021,1
13587,1
21076,1
1773,0
21608,1
28803,1
28576,0
1023,1
4594,1
22069,0
19018,1
20855,0
19464,1
1363,0
20290,0
31307,1
38498,1
4810,1
4636,1
781,1
3392,0
20464,0
20096,1
27771,1
3374,1
19930,1
8866,1
21069,1
19627,0
29306,0
1605,1
32922,1
39085,0
14919,1
36805,1
13505,1
8669,1
31480,1
19198,1
28966,1
25040,0
27095,0
13621,1
27492,0
16875,0
26670,1
36878,1
19109,0
38005,0
11155,1
5621,1
21826,1
34333,0
2977,0
27396,1
19429,1
13238,1
9867,1
24555,0
4780,0
20624,1
35327,0
17918,0
18019,1
16770,0
5858,0
15115,1
12607,1
5034,1
2671,0
12963,0
17729,1
34153,1
10125,1
22671,1
23289,0
36630,0
35928,1
33477,0
13654,1
22488,1
14730,1
8864,0
21248,1
36042,1
19352,0
28028,0
18763,1
634,1
34624,1
17164,0
4576,1
33613,0
26243,1
30024,1
28722,1
21858,1
38646,0
2544,0
20270,1
350,0
36555,0
16113,1
17440,1
4319,0
25599,1
10391,1
34375,1
6254,1
5986,1
33649,1
13903,0
31379,1
28076,0
30070,0
8705,1
8031,1
34286,0
29592,1
30710,0
1998,1
13892,1
38630,1
38235,1
15315,1
15520,1
25808,1
6987,0
10161,1
6889,1
3796,1
817,0
28239,0
19301,1
38885,1
20774,1
23592,0
19746,1
3746,1
19337,0
12135,0
18449,1
2820,0
34961,0
6115,1
11742,1
22877,1
751,0
10397,0
3433,0
34505,0
10515,1
29783,1
6878,1
10533,1
13056,0
25816,1
13020,1
11287,1
10874,1
20204,0
10345,1
24910,1
10578,1
38177,0
29227,1
25250,1
22791,0
12730,1
37639,1
27683,1
8378,1
34057,0
30758,1
21719,1
7453,0
37248,0
29242,0
22501,0
35829,0
11016,0
8898,0
31930,0
11912,0
11109,1
12310,0
23150,0
32692,0
20735,1
37093,1
27070,0
30132,1
28702,1
27769,1
29715,1
32318,0
33102,1
18118,0
27903,1
19042,1
26080,0
11332,1
11849,1
1062,0
37709,1
8896,0
33014,0
34872,1
31220,1
36407,0
23697,1
20506,1
25423,0
11983,1
14466,0
12078,1
5387,1
29226,1
23370,1
33601,1
18194,1
9605,0
30238,0
18436,0
32440,0
3319,1
1032,0
36519,1
36915,0
24988,1
15551,1
3252,1
36680,0
28434,1
22251,0
8988,1
21317,1
7346,1
30852,1
23496,1
14307,0
9545,0
15267,0
26871,1
23575,1
31298,0
19735,0
3801,1
14159,0
1883,0
33746,0
10522,0
3306,0
38075,1
15305,0
36946,1
36742,1
17209,1
31192,1
15244,1
15201,1
35019,0
35478,1
21430,0
8534,0
23053,0
84,1
9973,1
24161,1
21815,1
11456,0
11055,0
16743,0
18991,0
10552,0
18239,1
15478,1
22964,1
11812,1
19268,1
27587,0
4197,0
29682,0
32446,0
4187,1
21975,1
7090,1
15523,1
2596,1
31497,1
31363,0
8859,0
25198,1
38469,1
28248,0
16756,0
605,0
11074,0
33229,0
10435,0
11249,1
13619,0
11508,1
12909,1
29216,1
10823,0
14764,1
5360,1
10739,1
35607,1
31044,0
33737,1
17957,1
29963,0
37775,1
21381,1
14722,0
11528,0
10967,0
8319,1
32700,0
35308,1
35484,1
2483,1
31820,1
25133,0
10728,0
30067,1
33487,0
23199,0
18326,0
28189,0
3106,1
22424,1
28288,0
10723,0
8358,0
8486,0
9837,1
2492,0
15643,1
6377,0
32294,0
19927,1
22387,0
35069,0
30130,1
9253,1
957,1
11443,1
6593,0
26112,0
17609,0
1576,0
21352,0
13853,0
16542,0
29532,1
32487,1
14434,0
20854,1
13817,0
18260,0
13590,0
5981,0
38979,1
9201,0
33851,0
28065,1
3001,0
10454,1
33043,0
34923,0
20994,1
22256,1
27066,0
33288,0
22158,0
18108,0
38969,1
29964,1
27264,1
16955,0
24615,1
6643,1
30346,0
12705,1
20830,1
38616,1
10949,1
18011,1
37918,1
32785,1
225,0
9041,1
28931,1
22893,0
19824,1
25407,1
19292,0
25503,1
24457,1
25830,0
2273,1
28216,0
22134,1
37508,0
32569,1
12794,0
24594,0
38687,1
12415,1
25433,1
27242,1
33426,0
11283,1
34870,1
28135,1
6352,1
37817,1
2529,0
26624,1
4516,1
36882,1
8411,0
13403,0
35104,1
24461,1
10628,1
34847,0
38234,1
15326,0
5483,1
9275,0
25151,0
31217,1
15542,0
16216,1
11354,1
22738,1
15684,1
27265,0
3165,1
12828,0
38292,1
33354,0
8386,1
35432,0
7543,1
22773,0
31355,1
27976,1
13070,1
22519,1
20805,0
9529,0
25155,1
35740,1
2167,1
37381,0
5214,0
38510,1
4622,1
26067,1
37717,1
29308,1
10894,1
31774,1
22902,0
22944,0
32662,1
20258,0
35673,0
9007,0
5056,1
1837,1
1030,1
10842,0
18540,1
34780,0
31492,1
10155,1
18362,1
18525,1
30012,1
17549,1
34869,1
17426,0
26807,0
31309,1
14312,0
22766,0
16446,0
21057,0
26789,1
10747,1
9052,1
12591,1
15661,0
11423,1
22459,0
23103,1
23112,0
35512,0
23122,1
20387,0
600,1
1818,1
21894,1
32843,0
22329,1
38956,1
11818,1
22263,1
15379,1
31457,0
21478,0
39075,1
21531,1
10129,0
16473,0
19951,0
5779,0
10646,1
30332,0
12971,1
9498,1
9086,1
38778,1
7798,0
19860,1
3391,0
34897,0
31837,1
4548,1
17137,0
21231,0
23782,1
3478,1
35709,1
23759,0
24833,1
665,1
9726,0
34936,0
35545,1
21580,1
12586,0
8160,0
18539,1
4040,1
29959,1
18871,0
10244,0
35897,1
16385,1
25119,1
25436,1
1465,1
17528,1
35081,1
27016,0
23435,1
1493,1
23442,1
10808,0
26631,0
19855,1
22596,1
34099,1
10772,0
3338,0
38006,1
3348,0
19501,0
29740,0
23515,1
37481,1
23516,1
7067,0
8737,0
10448,0
37283,1
38429,0
24629,0
15715,0
25059,0
10652,1
17756,1
31587,1
1674,0
25558,0
17605,0
9330,1
9057,1
26958,1
14340,1
12403,0
7815,1
32004,1
12283,1
24549,1
21532,1
14152,1
23619,0
23287,0
10815,0
11873,1
36118,1
30807,1
18953,1
12736,1
14036,1
2885,0
28158,0
23635,0
17485,1
5579,1
27385,1
2567,1
24918,0
35228,1
11649,0
22735,0
484,1
20951,0
3414,1
36167,1
1625,1
2750,1
3729,1
17982,1
17455,1
16075,0
29621,1
11797,1
27221,1
11262,0
24936,0
34536,0
15459,1
27603,1
7340,0
27057,1
33915,0
17494,0
29366,0
23818,1
11910,1
31477,1
30538,1
32772,0
31158,0
18389,1
24392,1
19353,1
29536,1
35482,0
9866,1
11131,1
26476,0
22505,0
23758,1
10210,1
27110,0
2262,0
13677,1
15832,0
2402,0
17483,0
2103,1
35367,1
37871,0
13248,1
21881,1
3809,1
4973,1
10231,0
37955,0
16630,0
25402,1
19755,0
5594,1
6822,1
24646,0
12926,0
13440,0
24948,0
24008,0
9042,1
8860,0
10106,0
20301,1
23152,1
22956,0
4882,1
1757,0
3930,0
31498,0
847,0
27096,0
20046,1
36543,1
29170,0
12067,1
11572,0
37329,1
35694,1
34908,0
36941,0
3972,1
28928,1
39153,1
8882,1
36816,1
1144,1
8890,0
29551,1
36130,0
22765,0
37649,0
13371,0
21803,1
7834,1
14071,0
22896,1
9627,0
20164,1
12837,0
35108,1
21682,0
20152,1
34954,0
4524,0
23615,0
31116,0
32396,0
21428,0
27114,1
7974,1
5784,0
28704,1
11637,1
9655,1
15342,1
38137,0
12093,1
719,1
30818,1
16331,1
4586,1
33683,0
39073,0
21503,1
11713,1
37189,0
1071,1
8577,0
23901,1
21432,1
6000,0
21494,1
13317,0
13325,1
25039,1
8211,1
7466,0
5876,1
19015,1
32249,1
11878,1
16900,1
37296,0
22205,1
19213,1
23301,1
31095,0
21258,0
18306,0
8178,1
28301,0
16705,1
2006,1
5819,0
27661,0
21124,0
5580,1
9781,0
15309,0
36420,0
21173,1
20470,1
8158,1
22222,1
3713,0
35966,0
35854,1
10110,1
35671,0
18238,1
12303,1
7845,0
1931,0
38812,1
11958,1
6719,0
7078,1
36688,1
34984,1
11981,0
6388,1
11437,1
31628,1
8831,1
11720,1
30418,1
5524,1
16707,0
13752,1
12085,1
32482,0
18752,0
12097,0
8109,0
1978,0
32148,0
17432,1
16565,1
15968,0
38782,1
9976,0
12171,0
17954,0
42,1
5727,1
26848,0
10277,1
18673,1
36128,0
27267,1
30653,1
39097,1
15208,1
6067,1
666,1
26468,0
35538,0
38521,0
14361,0
36879,1
31071,1
17497,0
24809,1
21137,0
27019,0
35905,1
8284,0
31631,1
34005,1
24009,1
14094,0
11915,1
19262,0
13059,0
1845,0
13011,0
20623,1
31876,1
35926,1
7992,0
20564,0
4002,0
25375,1
10847,0
16268,0
19836,1
12988,1
6414,0
19181,1
395,1
1976,1
16493,0
1065,1
2066,1
20441,0
4369,1
26622,0
285,1
25324,0
38973,0
8535,0
13364,1
16683,1
8357,0
19409,0
11072,1
20739,1
12550,1
19862,1
26903,0
25984,0
20066,1
13838,1
33590,1
4929,1
9295,0
12771,0
4784,0
33741,1
33361,0
15838,0
12354,0
35641,1
693,1
1962,0
4472,0
28262,0
27636,0
20134,1
2187,0
10526,0
18150,0
32475,1
26523,0
19763,0
19096,0
7984,1
7548,0
23311,1
4071,0
13213,1
32740,1
18720,1
8106,1
13990,0
38210,0
5172,1
13207,0
19900,1
14029,0
2900,1
19873,1
24548,0
28625,0
26347,1
31760,1
11971,0
38018,0
22779,0
12940,1
19765,1
4404,1
3974,0
38156,1
5534,1
34829,1
17512,0
36070,0
20135,1
26232,0
31729,0
22837,0
12819,0
13641,0
31108,0
19577,1
16137,1
7779,1
19095,1
13827,1
12631,1
5298,1
7813,1
3209,1
38390,0
32800,1
12913,0
18232,1
8570,1
16032,0
5175,1
35575,0
6478,0
37185,0
14339,1
35919,0
6561,0
2773,1
37904,0
2412,1
23495,1
21890,1
30834,0
5412,0
29645,0
8897,0
21630,0
19373,1
30203,0
2713,1
17714,0
37935,1
17093,1
9386,0
7706,1
5399,0
31780,1
13132,1
13851,1
29412,0
4736,1
5427,1
6358,1
16506,1
13149,1
1794,1
6708,0
30408,0
19154,1
32509,1
13179,1
20216,0
35301,1
13485,1
14366,0
8545,1
7916,0
7396,0
25747,0
10442,1
5492,1
30309,0
16656,1
19030,0
39311,1
26062,0
21035,0
32117,1
503,0
15014,1
21916,0
13267,0
11779,1
18937,0
22133,1
26875,1
8141,0
6637,0
20983,0
33702,0
35537,0
21762,1
22340,1
6109,1
6479,1
9269,1
15179,0
30809,0
24384,1
32621,1
27159,0
1604,1
6500,0
7734,0
32353,1
1894,0
5026,1
12479,0
21799,0
18681,1
18693,1
31629,1
6817,0
20977,0
30322,0
9963,0
23228,0
2121,0
13530,0
12887,0
7566,1
12291,0
29513,0
32208,1
7556,0
13463,0
3079,0
19093,0
18644,1
12717,0
27732,1
32043,0
38240,1
36763,1
33431,0
14378,0
24439,0
6947,1
5382,0
26332,1
3694,0
11519,0
33299,0
36936,1
26550,0
13646,0
35075,0
13835,1
17591,1
17123,0
36460,0
13117,1
17994,1
30100,0
15106,1
12203,0
7742,0
6216,0
18155,0
17571,1
18519,1
10829,0
11469,1
2269,0
18083,0
5259,1
9011,1
20749,1
11419,1
9338,0
9533,1
18174,1
35260,0
2508,0
17278,1
22460,0
11811,0
5392,0
30196,1
20578,1
14610,0
28508,1
27929,1
35987,1
10794,1
18512,1
17926,1
36398,1
18050,0
231,0
12840,1
13687,0
1332,0
36627,0
17866,1
17859,0
31632,1
27115,0
13854,1
36165,1
6379,1
7410,0
34748,1
35153,0
16902,1
35678,1
18487,0
81,1
2770,0
15143,1
17940,0
2584,1
18268,1
11791,1
17007,1
17693,1
21134,1
19806,0
3911,0
35063,1
25370,1
13198,0
17600,1
6070,0
19110,1
26695,1
8014,0
34101,1
24995,1
34195,1
6093,1
24394,1
6816,1
11366,1
14640,1
6182,1
25568,0
6187,1
17491,1
36401,0
7311,1
25271,0
17472,1
11889,1
33490,1
36306,0
6369,1
14552,1
14208,1
19564,0
6579,0
20284,0
1515,0
4519,1
6114,1
27997,0
14642,0
2193,0
9752,1
14875,1
17773,1
34348,0
470,1
28708,0
6217,0
23754,0
35553,1
7138,1
736,1
17793,0
18971,1
31184,1
25883,1
17169,0
5810,0
15703,0
1450,1
7250,0
27273,1
12577,0
1688,0
19257,1
7195,0
6256,0
2955,1
20688,0
7216,0
13843,1
14389,0
37614,0
33081,0
1092,0
2835,0
11134,1
17004,1
4462,0
37363,0
17963,0
27064,1
29658,0
18568,0
34560,0
4032,1
25726,0
10455,1
34317,1
20541,1
36622,1
16912,0
15,1
14453,0
29707,1
27188,0
18790,1
35268,1
8742,0
39272,1
2344,1
34746,1
34527,1
6354,1
25248,0
30344,1
21477,1
2970,1
4308,1
17704,0
12712,0
18703,1
27093,1
32432,1
8051,1
13471,1
16720,1
36532,1
35668,1
24463,1
12750,1
2185,1
28003,0
16033,1
23096,1
31944,0
31665,1
21265,1
1784,1
25152,1
11955,1
21384,1
25783,1
38544,1
16550,1
10870,0
20577,1
28267,1
32347,1
8881,1
16986,1
16516,1
27400,1
20562,1
16507,0
16497,1
31314,1
1871,1
16440,1
30824,1
29460,1
18051,1
35629,1
1684,1
19291,0
17189,1
7246,1
26361,1
16572,1
15323,0
31048,0
7080,0
18544,1
5127,0
7124,1
15673,1
14491,1
30574,1
1915,1
8457,1
38105,0
32723,0
29747,1
36834,0
22752,1
38594,1
24498,1
10742,0
17495,1
6583,1
18916,0
14992,1
7112,1
11350,1
26690,0
15152,0
16161,0
16106,0
20065,1
11442,0
5203,0
25317,1
3402,0
37867,1
6646,1
16004,1
27348,0
2054,0
22500,0
34660,1
26429,1
15202,1
14938,0
28334,1
35361,1
15820,1
13900,1
36069,0
16263,0
23833,0
37175,0
22824,1
5895,1
27429,0
11238,1
15740,0
17227,1
37852,1
19481,0
25801,0
31496,1
782,1
38774,0
4960,0
15269,1
23197,1
2787,1
34160,1
26485,0
26869,0
30032,1
20931,0
6919,1
15084,1
23168,1
13808,0
36709,1
1509,1
30496,1
34222,1
15587,1
30123,1
8825,1
23992,1
14575,1
27604,0
37551,1
3661,1
38952,1
32180,0
3093,0
22111,0
26901,1
33080,0
15442,0
519,1
25358,1
27294,1
15451,0
1223,1
36005,0
37590,1
1483,1
11734,1
20584,1
23308,1
30528,0
15389,1
8628,0
14833,0
13340,1
36159,1
34426,0
33981,0
28052,1
28356,1
1445,1
22436,1
13269,1
26085,1
8544,1
26258,0
33329,0
23629,1
39264,1
38017,0
32806,1
34185,0
36313,1
24125,1
38762,1
4086,1
27243,1
27547,1
30103,0
37368,1
9928,1
29625,1
8536,1
20724,0
26058,0
9221,1
28633,1
15594,1
11551,1
25797,0
34956,0
33553,0
3266,0
29175,1
15615,1
29901,1
8967,0
1653,0
30222,1
34501,0
26326,1
5362,0
2586,1
35576,0
24070,0
22377,1
18063,1
20762,1
39151,1
12344,1
944,1
22646,1
15055,0
22316,1
26633,1
34357,0
8168,0
8575,1
29161,1
39051,1
10441,1
30372,1
33324,1
18283,0
31348,1
7325,1
13377,1
845,1
6536,0
20582,1
31005,1
33306,1
8081,1
25474,1
28361,1
19260,0
22276,1
2693,1
15076,0
34338,1
34107,1
34974,0
3676,1
28955,0
28930,0
25891,1
2704,0
908,1
18613,0
34714,0
18879,1
38352,1
9319,1
5830,1
10463,1
25067,1
28577,1
1812,1
38151,1
10862,1
38064,1
35105,1
1150,0
17322,0
19705,1
34567,1
16879,1
12614,1
588,1
1132,1
28893,1
30391,0
38993,1
30716,1
1117,1
37000,1
30767,1
2063,0
30597,0
35996,1
17393,0
3278,1
19827,1
11407,1
9388,1
25555,1
7312,1
6261,1
38600,1
16361,1
26746,1
21038,0
24638,1
19162,1
1076,0
23877,1
30840,1
3650,1
20002,0
6964,0
30146,0
18650,1
25255,0
1070,0
30887,1
1049,1
23667,0
16085,1
24026,1
6943,1
35921,0
1919,1
23399,1
28630,1
30625,0
23652,1
3078,1
384,1
3150,1
2609,1
20105,1
30984,0
9165,1
30731,1
31028,1
10833,1
17922,0
15667,1
7980,1
30331,1
15918,1
16357,0
7116,1
7239,1
28169,1
9779,1
6789,1
31053,1
29280,1
37254,0
25126,1
11079,0
21660,1
4087,0
31123,1
17364,0
4234,1
2001,1
18426,1
28409,1
9758,0
39042,0
950,1
39157,0
935,1
32975,1
19614,1
5090,1
22834,1
763,1
18751,1
14490,1
16594,1
12160,1
1388,1
6374,0
22257,1
31237,1
33199,1
6594,1
28402,1
30971,1
3375,1
1324,0
31510,1
35155,1
19938,0
38612,1
6630,0
15236,0
1765,1
11253,1
5902,1
11473,1
34640,1
12228,0
176,1
37467,1
6168,0
31362,1
26894,1
31368,0
28068,1
6323,1
36208,1
28043,1
2661,0
4414,1
12438,0
23960,1
12027,1
14526,1
35565,1
2151,1
32209,1
5216,1
31745,0
31817,0
29395,1
7881,1
14060,1
773,0
10778,0
36034,1
38980,1
23094,0
31489,1
759,0
27895,1
15409,1
5511,1
36793,0
6342,0
21282,1
31740,1
14866,1
6177,1
2222,1
8020,0
29439,0
6268,1
5693,1
7062,1
33537,1
25086,1
28836,0
17655,1
20965,0
855,1
24786,1
30958,1
20300,1
3352,0
25417,0
6143,1
11657,0
34997,0
5742,1
4476,1
31354,0
1468,1
20814,1
18987,0
26114,0
4682,1
3170,1
35385,1
28232,0
6467,0
15546,1
15781,1
7962,1
31957,1
27471,0
21180,1
19952,1
17784,1
24458,1
4211,1
2431,1
32045,1
35988,1
38305,1
36607,1
38949,1
29177,1
34627,1
14297,1
37129,0
10141,1
2130,0
2937,1
29422,1
14563,0
32146,0
6442,1
27611,1
2278,0
32550,1
12689,0
31782,1
8493,0
25913,1
811,1
15042,1
33674,1
6298,0
27874,0
3761,1
4479,0
32293,0
18695,0
29431,1
7844,1
37498,0
27166,1
14547,1
7014,1
26685,1
22354,1
29111,0
8012,1
5537,1
29892,0
22938,1
15240,1
26568,0
2258,1
31483,1
26788,0
26507,1
32437,0
5807,1
36643,1
27012,1
8103,0
33819,1
9607,1
14513,1
21908,1
6244,1
39265,1
15482,0
2791,1
4458,1
31566,1
36735,0
17179,1
38608,0
6046,1
6800,1
9018,1
11549,1
13200,1
9923,0
613,1
37874,0
16442,1
38901,1
393,1
8377,1
31601,1
18359,1
8691,1
25686,1
5007,0
4104,0
31494,0
34141,1
13331,1
32684,0
26759,1
29617,1
1500,1
12938,1
1793,0
25234,1
15350,1
5117,1
26671,1
38183,1
1495,0
10566,0
2829,0
16790,1
21713,0
38154,0
19886,1
2629,1
7407,1
7172,1
3956,1
14059,1
32872,1
16058,1
6235,1
265,1
6164,1
4703,1
2679,1
15186,1
15184,1
33908,1
28815,1
25825,0
26816,0
36277,1
25730,1
26449,1
25053,1
23969,0
2868,1
31226,1
9531,0
32055,1
23898,1
22686,1
26386,1
35803,1
26379,1
35345,0
35384,1
6589,1
24553,1
38881,1
24609,1
17594,1
38495,1
27420,0
10855,1
31008,1
25527,1
483,1
36053,0
22532,1
23617,1
2449,0
26651,1
32674,1
19657,1
27303,1
33157,1
11196,1
2088,1
33294,0
2071,1
18276,1
3296,1
11208,0
27030,1
26137,1
33171,1
30147,0
2870,1
29780,1
23583,1
28441,1
38315,0
22002,1
38887,1
9022,1
5413,1
33271,0
10467,0
22328,0
36756,1
16867,1
26170,1
23058,1
3273,1
23618,1
7225,1
6914,0
17582,1
7696,1
26229,1
28218,1
11068,0
14149,1
22566,1
6332,1
8501,0
6885,0
1694,1
18881,1
1053,1
34412,1
15622,1
14145,0
33582,0
20501,0
8138,0
26145,1
25680,1
15366,0
28919,1
25661,1
28343,1
12464,1
22844,1
36288,1
18263,1
4364,1
1524,1
36821,1
17508,1
38125,1
13366,1
21104,1
9798,1
4765,1
30047,1
2079,1
31992,1
38648,1
33045,1
30351,1
39273,0
35662,0
28532,1
14543,1
36063,0
36767,1
37651,0
15181,0
9650,1
35997,0
27906,1
17814,1
19505,1
5046,1
1334,1
36014,1
1016,1
23377,1
32641,1
1027,1
24424,0
16517,1
12251,0
30704,1
5523,1
20933,1
19818,1
32631,0
22114,1
12382,1
36952,1
27548,0
11625,1
5592,1
2807,0
17054,1
36600,1
34623,0
33656,1
12724,0
21802,1
7233,1
28538,0
20897,1
1157,1
32664,1
13998,0
35714,0
16871,1
34194,1
20981,1
33245,1
15720,1
13352,1
26063,0
7446,1
358,0
29146,1
840,0
12288,1
25498,1
37027,1
9213,1
23809,0
32164,0
32031,1
28131,1
37051,1
19315,1
18208,1
15747,0
27927,1
21506,0
34093,1
14371,1
12713,1
14713,0
24244,1
15420,1
21623,0
6415,1
9609,1
6925,1
28568,1
5246,1
24241,0
16109,1
22691,0
7343,1
19596,0
12035,1
19271,0
30965,0
7755,1
16103,1
21993,1
8949,0
6756,1
5278,1
14066,1
12595,1
27374,0
25393,1
31335,0
22278,1
13847,1
4281,1
38444,0
7658,0
25586,1
18978,0
8136,1
26336,1
2587,1
30057,1
34781,1
18597,1
26149,1
34359,0
34045,1
27034,1
28641,0
33123,1
39,1
7940,0
35792,1
7033,1
11244,1
27425,1
33869,1
16356,0
17076,0
21673,0
16125,1
29325,1
33569,1
24941,1
27763,1
30720,1
28298,1
16499,0
34198,1
24729,1
34439,1
975,0
21629,0
15046,1
3883,0
8167,1
14398,0
39156,1
9272,1
7668,1
3510,1
32555,1
38473,1
11510,1
24403,0
39087,0
20488,1
15092,0
31913,1
36513,1
10785,0
31759,1
12515,1
21446,1
5422,0
28899,0
36330,0
7661,1
24945,1
2156,1
16445,1
19480,1
17270,1
7337,1
23291,1
4943,1
27280,1
4527,1
2261,1
23453,0
9192,1
15298,1
38485,1
4440,1
33196,0
15088,1
27419,1
4654,1
10165,1
37827,1
8895,0
14619,0
23281,1
28769,1
30158,0
5982,1
1746,1
9770,1
11819,1
36271,1
30085,1
36354,0
25660,0
28852,0
4148,1
11764,1
3039,0
25013,1
6998,1
12098,1
21183,1
27581,1
11327,1
35908,1
22993,0
30588,0
5258,1
12526,1
8364,1
1401,1
34293,1
28772,1
23776,0
4322,0
36780,1
15102,1
2423,1
8481,0
9556,1
15780,0
8376,0
19037,0
38012,1
6828,1
35725,0
7680,1
20973,1
20893,1
3455,0
35364,1
39245,0
33787,0
7467,1
12723,1
10137,1
22760,1
21221,0
11571,0
33475,1
34020,0
1550,1
27138,1
22759,1
12915,1
9617,1
21754,0
29743,1
6199,0
9843,0
26050,1
37873,1
38248,1
37187,1
13831,1
7217,1
2603,1
26387,0
22763,1
12824,1
22274,1
15963,1
10350,1
16990,1
18141,0
5199,1
10724,1
14189,1
31267,0
21427,0
34849,1
34051,0
596,0
10439,0
5148,1
6849,1
31773,0
37477,1
16290,0
33635,1
31718,1
25262,1
29238,1
1503,0
8446,1
36533,1
6076,1
21346,1
18531,1
15028,1
34260,0
37800,1
595,0
1544,1
10991,1
11187,0
16798,1
18875,0
5160,1
37420,1
8722,1
14177,1
19997,1
10382,1
11346,1
6385,1
20206,0
20831,0
4244,1
33579,1
1647,1
3710,1
15476,0
36397,1
6224,0
24183,0
77,1
25204,1
23962,1
32782,0
16295,1
12010,1
10602,1
948,1
9361,1
30040,1
1399,1
13739,1
9320,1
18461,1
37506,1
14535,1
22553,0
26207,1
19706,1
17839,1
6328,0
9577,0
8877,1
17079,1
7336,1
22454,0
23997,1
38332,0
4042,1
34544,1
19809,1
15162,0
3413,1
11293,1
20882,0
13664,1
15116,1
16706,0
27615,1
471,1
836,0
33175,1
7155,1
664,1
21284,1
30849,1
2271,1
27872,1
22145,1
1390,1
16023,1
25273,1
34299,1
23964,1
19430,1
38698,1
20003,1
4025,1
35383,1
29089,1
24146,1
11411,0
25043,1
35807,1
15548,1
22822,0
6865,1
447,1
29240,1
27237,1
31636,1
34062,1
1557,0
10611,1
26202,0
15266,1
3579,1
12238,0
9622,1
15198,0
8225,1
5851,1
11768,0
4257,1
8110,0
26687,0
22706,0
30426,1
26636,1
12162,1
6430,1
4139,1
36950,1
6651,1
35850,1
36862,0
26124,1
13214,1
2069,1
337,1
3397,0
39251,0
468,1
3730,1
37095,1
36776,1
3332,0
33523,0
32963,1
38279,0
30733,1
7089,1
5393,0
16022,0
36705,1
1139,0
7420,0
8187,1
26042,1
1366,1
13224,1
14436,1
36591,1
38111,1
19424,1
14135,1
27827,1
17998,1
11795,0
12376,1
32165,1
22927,0
13640,0
14356,1
2477,1
22085,1
15549,1
13401,0
13987,1
27135,1
28308,0
13941,0
12587,0
6156,0
21085,0
36379,0
37676,1
29436,0
2982,0
19924,0
13696,0
23719,0
7515,0
23806,0
1867,0
34481,0
8778,0
1911,0
29112,0
11098,0
12696,0
10889,0
20330,0
36623,0
31854,0
38349,0
13176,0
24884,1
37522,0
38093,0
20479,0
3401,0
16133,0
12984,0
1441,0
2061,0
7317,0
20943,0
27631,0
5405,0
16907,0
19322,1
1026,0
32828,1
25177,0
3566,1
26203,0
8032,0
28800,1
10601,0
38645,0
9145,0
12126,0
19782,1
39250,0
15801,1
20197,0
26620,1
34515,0
1225,0
29021,0
31461,0
19790,0
5208,0
643,0
28974,1
15732,1
26365,0
29799,0
18944,0
22709,0
1297,0
7268,0
33614,0
10041,0
37070,0
22071,1
24692,1
27038,0
17046,0
31463,1
8819,0
1872,0
31644,0
8399,1
31172,0
20430,0
993,0
1989,0
35934,0
31722,0
13545,1
192,0
39244,1
34437,0
26874,0
9107,0
31588,0
20790,0
30714,0
29079,0
7416,1
6278,0
5520,1
4575,0
3356,0
16322,0
21086,0
27775,0
22600,0
11954,0
6934,0
26154,0
17316,0
23582,0
26910,0
2656,0
35884,0
34136,0
19199,1
2448,0
21488,0
21356,0
2250,0
17172,0
25975,1
22835,0
7837,0
23811,0
17908,0
27870,0
11023,0
3238,0
16511,0
7150,0
1175,0
3313,0
33187,0
34878,0
27249,0
7294,0
32995,0
17831,0
32095,0
26573,0
5959,0
12350,0
6112,0
4432,0
36784,0
21027,1
26111,0
6389,0
10411,0
12642,0
21034,0
33875,0
20191,0
23926,0
35428,0
29552,1
22183,0
1739,0
20018,0
4225,0
25873,0
9706,0
28750,0
17874,1
9618,0
36741,0
14721,1
25735,0
23718,0
36340,0
15668,0
24479,0
8912,0
29025,0
29761,0
23309,0
13441,1
21582,0
28228,0
35457,1
6263,0
3250,0
23631,0
6893,0
21098,0
38662,0
31208,0
34507,0
9971,0
2053,0
2935,0
7022,0
2565,0
18037,0
35235,0
25116,0
25744,0
37796,0
38860,0
2897,0
28201,0
33244,0
610,0
29447,0
16559,0
28432,0
25684,0
26173,0
22542,0
1246,1
18425,0
16772,0
8892,0
31365,0
37441,0
37141,0
19077,0
11015,0
18244,0
24696,0
21782,0
39071,0
10592,0
8990,0
8520,0
17785,0
30943,0
2996,0
25368,0
28418,0
34420,0
25507,0
18421,0
5449,1
12321,0
12295,0
4176,0
19524,1
25609,0
26709,0
3795,0
20276,0
30405,0
8867,0
349,0
36349,0
34832,0
29631,0
7141,0
14671,0
25500,0
27797,0
31162,0
27000,0
11857,0
29820,0
35506,0
21553,0
27275,0
20148,0
3752,0
13926,0
36743,1
28064,0
29943,0
30970,0
11875,0
14616,0
26345,0
19858,0
6581,0
15738,0
36681,0
33606,0
36214,0
9259,0
11996,0
16483,0
4692,0
12036,0
10897,1
30967,0
37486,0
9466,0
5828,0
474,0
4617,0
12099,0
4159,0
26255,0
32870,0
39227,0
12816,0
23990,0
34238,0
23848,0
1703,1
20600,0
32406,0
35564,0
12620,0
20788,0
20812,0
12242,0
501,0
38918,1
10759,1
16286,0
35486,0
38851,0
15155,0
15390,0
23778,0
19542,0
32611,0
35353,0
35846,0
38549,1
38683,0
25978,1
18826,1
22821,0
34723,1
23484,0
2755,0
20836,0
10542,0
3070,0
5461,0
23554,1
7259,0
11355,0
23999,0
22931,0
37792,0
28572,0
30066,0
8514,0
39089,0
9859,1
23247,1
6729,0
2578,0
25240,0
7775,0
9741,0
18538,1
2014,0
28344,0
7906,0
38573,0
11539,0
26181,0
14525,0
31207,0
19422,0
23879,0
35271,0
34207,0
26656,0
37927,0
26960,0
7656,0
17830,0
10892,0
23421,0
14779,0
38739,0
26515,0
32211,0
25111,0
37723,1
18045,0
34833,0
24291,0
20641,0
27337,0
32813,0
6043,0
1607,0
21433,0
37159,0
30393,0
25497,0
39000,0
2116,0
24272,0
37037,1
24482,0
24284,0
10557,0
32086,0
25277,0
7400,0
33197,0
12432,0
26252,0
14769,0
28818,0
33060,0
23822,0
36645,0
38134,1
24412,0
38771,0
28595,0
13252,0
24526,0
10338,0
2146,1
32072,0
13620,0
12570,0
29140,1
18667,0
4786,1
11836,0
933,0
7760,0
33252,0
37941,0
33342,0
16094,0
2078,1
38176,0
20653,0
9079,0
28464,1
13722,0
8607,0
21931,1
34873,0
11116,1
7967,1
30870,0
14290,0
28129,1
23864,0
4420,0
7761,0
35670,0
13290,0
31697,0
33870,0
27462,0
4083,0
18566,0
1083,0
34791,0
450,0
22661,0
16110,0
2132,0
4761,0
32213,0
8154,0
13520,0
21455,0
38895,0
20499,0
8656,0
637,0
15124,0
21082,0
14994,0
38656,0
10474,0
9667,0
11775,1
6269,0
31622,0
16184,0
13731,0
20974,0
37030,0
30805,0
6172,0
8204,0
31610,0
10732,0
29458,0
21142,0
19570,0
628,0
11635,1
38994,0
21066,0
18648,0
5455,0
35631,0
31679,0
602,1
23460,0
15836,0
12523,0
8674,0
23338,0
10122,0
36908,0
25045,0
5176,0
1577,0
9733,0
26289,0
14277,0
36940,0
38184,0
37519,1
2002,0
17500,0
9170,0
3200,0
32383,0
35691,0
9949,0
30395,0
31091,1
32598,0
36241,0
20347,0
22978,0
12155,0
14681,1
36180,0
10725,0
24249,1
18097,1
34608,0
8203,0
27849,0
36011,0
13391,0
5165,0
36025,0
33391,0
25257,0
32867,1
38733,0
30199,0
15818,0
26405,0
31273,0
24375,0
28511,0
33548,0
25023,0
2533,0
18731,1
34658,0
19133,0
5250,0
22325,0
16825,0
12237,0
27933,0
28266,0
10006,0
16191,0
30663,0
22280,0
8150,0
22742,1
15467,0
33191,0
8872,0
18787,0
110,0
15837,0
16134,0
19608,0
33143,0
26835,1
33789,0
22937,0
29384,0
11078,0
35016,0
9455,0
36002,1
14423,0
39114,1
20220,0
39237,0
7550,1
26529,0
19532,0
20198,0
913,0
270,0
25225,0
37098,0
8585,0
30261,0
10554,0
31187,1
15835,0
28948,0
16366,0
30311,0
5385,0
10189,0
9652,0
2434,0
35161,0
11663,0
13947,1
1180,0
16462,0
25115,0
18980,0
25385,0
12369,0
165,0
17863,0
20646,0
30389,0
15913,0
16806,0
6420,0
23878,1
37588,0
13302,0
36462,0
19350,0
6897,0
4321,1
27744,0
29482,0
35470,0
1048,0
23694,0
25673,0
3085,0
27701,0
942,1
15192,1
25724,0
39256,1
11766,0
11567,0
30334,1
24166,0
17752,0
6240,0
504,0
23565,0
28971,0
28908,1
7455,1
14204,1
15005,0
8637,0
33192,0
37726,0
1527,0
12937,0
31531,0
31878,0
29988,0
5833,0
24452,1
4939,1
11364,0
18654,0
25968,1
31692,1
38038,0
4727,0
35152,0
23144,0
35980,0
7767,0
33520,0
8484,1
23593,0
19335,0
33907,1
11568,0
10059,0
14424,0
4430,0
19190,0
21017,0
4347,0
19680,0
7877,0
24235,1
17214,0
29518,0
4905,0
28242,0
20443,0
14130,0
2328,0
31404,0
21490,0
27026,0
38692,0
700,0
5825,0
32120,1
37422,0
20840,0
915,0
9594,1
24741,0
25896,0
17358,0
39225,0
4886,0
22648,0
16953,0
34410,0
8107,0
21090,1
30054,1
34855,0
21244,0
3908,0
3426,0
35752,0
11161,0
34978,0
11106,0
7800,1
36304,0
1176,0
35734,0
8126,0
5166,1
3243,0
22407,0
34903,0
9638,1
6504,1
11671,1
27854,1
3739,0
4105,0
7552,0
1436,0
15038,0
33975,0
36981,0
34211,0
2881,0
2831,0
32501,0
15610,1
11919,0
8601,0
35895,0
32173,0
33667,0
21642,0
2117,0
7521,0
16425,1
27185,0
23026,0
32688,0
38928,0
10721,0
18625,0
15487,0
4171,0
3894,0
18735,0
24454,0
36734,1
37765,0
34268,0
5009,0
13380,0
8188,0
30417,0
15066,0
5951,0
6686,0
7326,1
6627,0
30364,0
7075,0
28988,0
14217,1
18084,0
6122,0
5509,0
8916,0
659,0
5508,0
18008,0
26531,0
37850,0
16732,0
15575,0
22172,0
24855,0
29771,0
28934,1
25140,0
5249,0
7846,1
18355,1
15619,0
29553,0
11258,0
1422,0
5593,1
11224,0
1573,0
39226,0
92,0
30447,0
661,0
11780,0
16603,0
37566,0
27189,0
1185,0
2934,0
3335,0
20516,0
10720,0
6343,0
33748,0
6025,0
2259,0
5276,0
5092,0
24975,0
13865,0
6273,0
1090,0
3655,0
14270,0
23903,0
29758,0
17190,0
4241,0
20303,0
12082,1
33707,1
20440,0
32093,0
8059,0
27117,1
11323,0
3732,0
11793,0
3211,0
2922,1
20875,0
16587,0
18514,0
15310,0
24053,0
3462,0
24253,0
11280,0
25188,0
34540,0
29342,0
16074,0
14667,0
33495,0
15043,1
32256,0
27972,0
31965,0
3033,0
7288,0
11715,1
6154,0
10050,0
24886,0
21893,0
23568,0
35148,0
14259,0
22744,0
25828,1
4355,0
14755,0
1805,1
15721,0
15426,0
15387,0
22006,0
11847,0
9357,0
38088,0
8398,0
22554,0
34970,0
23077,0
2783,0
16376,0
12007,0
28358,1
29676,1
34018,0
18857,0
31433,0
27072,1
4915,0
6829,0
2799,0
12395,0
3784,0
16389,0
1901,0
22433,0
25320,0
37497,0
29589,0
24276,0
17382,1
23458,0
14034,0
15986,1
13697,0
32538,0
14320,0
22689,0
17283,0
12034,0
34707,1
12700,0
38252,0
14886,1
38110,0
30766,0
28627,0
2439,0
11113,0
5073,0
2504,0
33439,0
4442,0
38927,0
3429,0
16812,0
19286,0
10459,0
1209,0
28878,0
6946,1
17461,0
3147,0
12204,0
12957,0
36914,0
18394,0
17779,1
18628,0
5201,0
35187,0
31174,0
2976,0
8587,0
10327,0
17405,0
20631,0
31093,0
27696,0
33652,0
17151,1
13158,1
2155,0
29393,0
25685,0
22610,0
12328,0
34813,0
23727,0
14597,0
35938,0
9864,0
25109,0
19600,0
30198,0
6884,0
13779,0
5673,0
4741,1
970,1
35989,0
2745,0
1165,0
37264,0
20080,0
21944,0
36676,0
13558,0
19616,0
3247,0
8464,0
23676,0
10123,0
7307,0
33369,0
32633,0
38280,1
23472,0
29816,0
541,0
13225,0
36178,0
33132,0
37767,0
30144,0
31617,0
20722,0
28695,0
32899,0
23897,0
1750,0
4772,0
22384,0
36051,0
29544,0
31605,0
27217,0
29576,0
12297,0
29791,0
35813,0
20751,0
7591,0
8784,1
32280,0
31838,0
14558,0
26563,0
29852,0
12006,0
10299,0
15821,1
17108,0
24899,0
30361,0
8445,0
30078,1
2673,0
33006,0
30565,0
24953,0
31234,1
37946,1
36744,0
18294,0
37885,0
2443,0
15602,1
35122,0
39026,0
20289,0
20635,0
21133,0
2846,0
1215,0
31471,0
32326,0
8755,0
12110,0
18777,0
32455,0
37350,0
28415,0
29181,0
20076,0
25990,0
39207,0
19664,0
14079,0
19610,0
17554,0
23819,0
36785,0
18882,0
1122,0
36148,1
20092,0
35433,0
23171,1
13547,0
7698,0
31254,0
30889,0
3892,0
28059,0
8869,0
27694,0
33736,0
22722,0
32965,0
30468,0
12866,0
12806,0
35863,0
38107,0
647,0
18400,0
20962,0
25758,0
17725,0
22159,1
23157,0
11822,0
15235,0
20937,0
35824,1
4619,0
5921,1
27888,0
19615,0
17152,1
13053,0
629,0
21391,0
1671,0
4247,0
23469,0
18014,0
22156,0
776,0
22420,0
19053,0
29390,0
13074,0
9075,1
13124,0
7850,0
13283,1
19560,0
6222,0
15004,0
26618,0
7875,0
14435,0
6319,0
30383,0
12315,0
19055,1
5842,0
21523,1
421,0
16893,1
8920,0
18931,0
35720,0
24042,0
21868,1
14678,1
4049,0
13992,0
27538,0
28804,0
32573,0
17556,0
15751,0
26981,0
7297,0
30312,0
22608,0
18225,1
180,0
28175,0
29281,0
6517,0
19112,0
25619,0
39135,1
36309,0
1943,0
682,0
37183,0
31765,0
19807,0
3808,0
29554,1
16395,0
22819,0
33095,0
27907,0
15376,0
30755,0
1115,1
26360,0
31126,0
16969,0
3293,0
14631,0
1650,1
29152,0
5179,0
21293,0
16523,0
18095,0
38968,1
7587,0
16604,1
3118,1
23336,0
22814,1
25452,0
28549,0
5302,0
23690,0
36506,0
6921,0
23599,0
35699,0
1383,0
28677,0
32959,0
25846,0
34247,0
7610,0
36652,0
1856,0
9200,1
20891,0
16270,0
21573,0
983,0
3922,0
22587,0
37912,0
7164,0
14341,1
33623,0
5540,0
29479,0
4746,1
34905,0
37110,0
10040,0
22288,0
32710,0
12890,0
8441,0
13636,0
7004,0
422,0
13688,1
31638,0
26668,0
1475,0
561,0
23299,0
2416,0
13315,0
12854,1
37399,1
4919,0
28874,1
13343,0
16162,0
24307,0
7044,0
32303,1
3111,0
29739,0
16589,0
11901,0
25084,0
6329,0
17115,0
986,0
27576,0
33894,0
35184,0
9675,1
8794,0
7745,0
30387,1
11153,0
10198,0
841,0
18135,0
31394,0
4491,0
20210,0
1494,1
21339,0
12483,0
2936,0
16695,0
35839,0
7037,0
37834,0
17064,0
2997,0
9088,0
15400,0
35857,1
20251,0
2131,0
13625,1
14455,0
29908,0
33000,0
31373,0
18255,0
11943,0
4624,0
30590,0
36230,0
38861,0
28842,0
23367,0
20001,0
28987,0
27669,0
3723,0
28152,0
37453,1
17356,0
25729,0
14138,0
28414,0
11655,0
25644,0
12795,0
21879,0
6038,0
26451,0
23219,0
22795,0
14480,0
7995,0
1891,0
22067,1
157,0
35245,0
39004,1
27334,0
8505,0
11894,0
15749,0
6060,0
15894,0
22758,0
16600,0
28669,0
12046,0
7273,0
16212,0
33948,0
19613,0
2776,0
10025,1
27388,0
11136,0
21722,0
30431,0
3241,0
16010,0
24908,0
30000,1
7032,0
14842,0
174,0
33268,1
38411,0
20045,0
34550,0
6094,0
32574,0
15206,0
31366,0
38989,0
701,0
14166,0
37517,0
32650,0
36233,0
4514,0
16378,1
37442,0
29046,0
38795,1
32854,0
123,0
28145,0
19738,0
4223,0
14321,0
5,0
19555,0
20923,1
32339,0
35633,0
7145,0
21992,1
20813,0
580,0
8998,0
9471,0
20966,0
9289,0
2838,0
23946,0
23104,0
21756,0
29305,0
8423,0
33289,1
14191,0
3379,0
4338,0
33051,0
25481,1
18404,0
2291,0
32878,0
38657,0
10466,0
11557,0
6150,0
29174,0
38785,0
4201,0
7406,1
1287,0
1513,0
30944,0
23405,0
8402,1
23427,0
12340,1
35473,1
33594,0
30488,0
23499,0
28060,0
31453,0
14514,0
6210,0
5879,0
25033,0
38644,1
8424,0
2499,1
34793,0
30851,0
24447,0
38744,0
7463,0
15960,0
12356,0
31455,0
16444,0
38854,0
37219,0
37119,0
29462,0
6173,0
30780,0
16404,0
38080,0
2675,0
11487,0
33297,0
37697,0
11582,0
10088,0
32360,0
21362,0
2736,0
3605,0
9659,0
14767,1
2406,0
12706,0
25974,0
13539,0
6286,0
3019,0
15045,0
16271,0
14314,0
5167,0
18839,0
12473,0
12040,0
24753,0
12086,0
11699,0
30342,0
25170,0
23760,1
5829,0
38375,0
6782,0
5794,0
7679,0
30117,1
5905,0
30310,0
30438,0
11804,0
20970,0
37221,1
23360,1
28668,0
15112,0
7824,0
30477,0
32532,0
19904,0
12267,0
17529,0
21645,0
33597,0
2225,0
14128,0
1876,0
36440,0
6206,0
24402,1
12183,0
29986,0
4441,0
14598,0
32968,0
26060,1
19553,0
38157,0
6252,0
12554,0
24661,1
26315,0
26691,0
23254,0
26470,0
8899,0
13489,0
12186,0
14546,0
35047,0
33259,0
2836,0
29843,0
23140,0
2645,0
19062,0
25529,0
30858,0
18664,0
19892,0
28746,0
136,0
19008,0
20744,0
18592,0
34066,0
10462,0
20113,0
11206,0
30370,0
38737,0
16828,1
5487,1
19132,1
283,0
9824,0
32459,0
19122,0
20714,1
11001,0
25829,0
8040,0
30577,0
3947,0
4456,0
19598,1
5271,0
35821,1
38675,0
19649,0
2041,1
28285,1
23011,0
27011,0
3492,0
7714,0
38209,0
23755,0
35064,0
39176,0
865,0
29386,0
25810,1
37734,0
14494,0
13100,0
22630,0
1282,0
31196,0
23080,0
31143,0
29828,0
27391,0
1098,0
29076,1
22726,0
28768,0
7699,0
36032,0
3624,0
10824,1
12849,0
37435,1
1096,0
13174,0
11229,0
33607,0
38174,0
35776,1
12930,0
32391,0
31168,0
23537,0
18760,0
3132,1
27531,0
1222,0
16864,0
4384,0
16579,0
19687,0
5097,0
21909,0
22177,0
9964,0
7517,0
32815,0
22429,0
9505,0
13833,0
34312,0
3737,0
27469,1
6063,0
36301,0
36149,0
29475,1
37776,0
12821,0
35525,0
3929,0
27751,0
33181,0
30983,0
27069,0
24821,1
38623,0
16614,0
27168,1
1636,0
33687,0
3831,0
39238,1
35147,0
29796,0
23604,0
21089,1
10635,0
6435,0
15987,0
11532,0
3220,0
32240,0
25449,0
36183,0
17757,1
3481,1
11665,1
9191,1
10093,1
19475,0
14033,1
22254,1
29119,1
16060,1
19149,0
35124,0
31072,1
1751,0
35210,0
2543,0
10202,1
38401,1
22623,1
1836,1
6185,0
25081,0
25472,1
23372,1
4115,1
23912,1
24259,0
19161,0
1330,1
13598,1
22052,1
28206,1
38158,0
18471,1
16226,1
1920,1
24383,1
30039,1
18677,1
13130,1
28394,1
2033,1
17769,1
34085,1
9955,1
12294,1
21274,0
29699,0
436,1
26274,0
2283,1
18467,0
26295,1
29971,1
9969,1
38551,1
7830,1
1540,1
34325,1
33345,1
37380,0
29398,1
33373,1
31932,1
13067,1
34071,1
23149,1
30541,1
38765,0
14105,1
13201,0
5988,1
5729,1
14974,1
1616,1
29156,1
1034,1
9707,0
5824,0
16966,1
33493,1
38834,1
14802,1
3159,1
727,0
29097,1
13147,1
24618,1
21972,1
7608,0
29725,1
5021,1
14837,0
32064,1
9351,1
37729,1
10394,0
13191,0
22081,0
33221,1
16452,1
22708,0
3015,0
38504,1
3514,0
38172,1
18589,0
27671,0
7814,1
25390,1
10698,0
14372,0
35226,1
12273,1
31499,0
16918,1
5924,1
2570,1
1994,0
361,0
8009,1
30219,1
18318,1
12477,1
35872,0
35065,1
18946,1
37958,1
14032,1
13415,1
32430,1
10769,1
4284,1
24905,1
38340,1
35224,1
31063,1
34787,1
23084,1
37937,1
19306,1
20515,0
16278,1
25581,1
11222,0
33236,1
10868,1
37138,1
1514,1
10986,1
33246,0
804,1
26967,1
16241,1
20318,1
14601,0
35300,1
24789,1
31280,1
4315,1
37419,1
13674,1
499,1
9276,1
37311,0
1312,1
21463,1
1121,0
24599,1
9868,0
29349,1
3927,1
15783,0
13461,1
7585,1
20471,0
7485,1
8931,1
5232,1
7168,1
35616,0
34680,1
36177,1
6900,1
16891,1
37292,1
38448,1
10529,0
35178,1
8217,1
12551,0
25843,0
9631,1
25807,1
16080,1
20140,1
21904,1
4111,1
19571,1
33151,1
2518,0
5845,1
26503,0
22406,1
540,1
21957,1
3913,1
37243,0
19599,0
31613,1
30825,0
28892,0
23202,1
22874,0
12166,1
29763,1
9901,0
14350,1
24713,1
24801,1
6507,1
7839,0
15666,0
8675,1
38123,1
10142,1
9188,0
25615,1
17713,1
10810,1
14615,0
13381,1
11403,1
10521,1
25785,1
31171,0
25809,1
6823,1
19408,0
35009,1
6791,0
13658,0
38655,1
33376,0
28807,1
29310,1
26070,1
25880,1
26108,1
19911,1
14471,0
6523,0
26159,0
38880,1
10019,1
15438,1
30381,0
2754,1
37404,1
13540,1
36641,1
30563,1
35302,1
38034,1
3042,0
11765,1
38870,1
24115,0
6384,1
22644,0
22680,0
19193,1
23459,1
16459,0
11128,1
36153,1
9950,1
3819,0
26535,1
38933,1
27526,1
23659,1
25260,0
24868,1
14160,0
14687,1
37309,1
38342,1
35035,1
26765,1
15933,1
29347,1
35091,1
38924,0
24668,1
15972,0
1186,1
20032,1
33782,1
36457,0
12311,0
25268,1
8065,0
19358,1
29299,1
9265,0
23952,0
18119,0
25221,1
20188,1
4512,0
36966,1
21254,0
26613,1
7624,1
20367,1
20625,1
38751,1
28114,1
20249,1
4778,1
37216,1
33931,1
17832,0
6012,1
18284,1
31757,1
3046,1
8590,1
7518,0
12563,1
38324,1
12471,1
29057,0
33866,1
27245,1
7659,1
3567,1
23176,1
3519,0
15154,1
27908,1
494,1
1705,1
23215,1
36092,1
3367,0
7344,0
4427,0
11239,0
30326,0
37576,1
5038,1
13320,0
26702,0
7700,1
30781,0
6936,1
17825,1
36520,1
315,0
14387,1
2580,1
8974,1
29686,1
9797,0
18761,1
30445,1
33692,1
9488,1
36430,1
5852,0
32234,1
20557,1
18996,0
2800,1
7088,1
4520,1
22176,0
24020,1
33032,1
32536,0
4209,1
16616,0
4982,1
34010,1
31883,1
29372,0
32773,1
10547,0
1218,0
3602,0
20235,1
15675,0
24119,0
3233,1
17723,1
36260,0
23110,0
21838,1
38119,1
30275,0
4812,1
7671,0
39233,1
10490,0
10814,0
39034,1
1295,1
7915,0
39062,0
10023,1
14630,0
8164,1
22479,0
36837,0
5241,1
16251,1
23063,1
3840,1
27785,0
13466,1
11112,1
11058,1
38368,1
9688,1
14976,0
3529,1
486,1
32498,0
30964,1
28221,1
13581,1
21679,0
31036,1
3222,1
25107,1
29275,1
25553,1
16733,1
1377,1
29817,1
22422,0
29357,0
17844,1
20815,1
25484,1
37685,0
548,0
38914,0
2919,1
19537,1
7023,0
25521,1
31833,1
29709,0
6785,0
8704,0
25217,0
9036,0
38873,1
16857,1
32147,1
4993,1
25352,1
10396,1
15504,1
8756,0
8715,0
12030,1
36261,1
31737,1
25709,1
36724,1
19516,1
15483,1
3597,1
36396,1
6718,0
24557,1
4341,0
24845,1
33517,1
19789,1
27629,1
824,1
22581,1
24114,1
30842,0
23008,1
10924,1
1270,0
5771,1
1164,0
8101,0
5873,1
24856,1
27167,1
30536,0
4827,1
33168,1
14734,1
7563,1
10149,0
31683,1
792,1
24287,0
28812,1
13919,1
30962,1
37482,1
37382,1
4928,0
36101,1
16760,1
30925,1
21664,0
32983,1
14628,1
249,1
29287,0
4092,0
9728,1
9541,1
18116,1
21871,1
24204,1
23825,1
21165,0
10866,1
11158,1
25493,1
7715,0
25008,0
1094,1
173,1
13027,0
8853,0
29865,1
6147,1
8056,1
13634,0
20918,0
1241,1
27501,0
16352,1
24083,1
6910,1
26156,1
2265,1
4318,0
26805,1
20077,0
14638,1
37748,1
31042,1
8696,0
867,1
14840,1
36595,0
37626,1
1902,1
28699,1
33854,0
27796,1
13223,0
28018,1
34158,0
24534,0
22529,1
21343,0
6396,1
19393,1
12020,1
9017,0
16886,1
25958,1
307,0
10254,1
29350,1
13824,1
23031,0
12919,1
32622,1
22611,1
99,1
12456,1
31520,1
30543,0
37424,1
31495,1
8263,1
11336,1
33549,0
482,1
36073,1
797,1
8701,1
144,1
642,1
36253,1
5425,1
35690,1
20230,0
18282,1
29253,0
703,1
31561,1
37554,1
4386,1
16360,1
26792,1
27554,1
17476,1
31735,1
32124,1
21393,1
11597,1
3412,0
36963,1
32862,0
256,1
13543,1
22767,1
34646,0
15943,1
7817,1
2421,0
21179,1
28124,1
23851,1
5096,0
25001,1
31114,1
30388,0
36054,1
33913,1
23933,1
31963,1
13639,1
28111,1
35030,1
20957,0
11376,1
3539,1
578,1
34996,1
5015,0
19870,0
10909,0
14936,1
38719,1
17871,1
34214,0
4015,1
6568,0
9737,1
17289,1
25404,1
32242,1
10546,0
36832,1
19856,1
37139,0
12080,0
16741,0
32267,0
33663,1
23461,0
14075,1
27215,1
7956,1
4949,1
19978,1
6657,1
27329,1
37965,0
14344,1
5780,0
23519,1
21127,1
2136,0
15086,0
16975,0
20527,1
28717,1
6056,1
23151,0
16674,1
30016,1
26302,0
37691,0
30987,1
26157,1
5150,0
12714,0
1137,0
18481,1
12641,1
3749,1
22757,1
16530,0
1118,1
2220,0
12201,1
8279,1
23001,1
39019,1
11613,1
32184,1
32595,0
39231,1
23698,1
111,0
8185,1
19819,1
18227,1
13345,1
7944,1
35563,1
29468,1
20132,1
7106,1
36133,1
1660,1
4406,1
9825,1
34374,0
27233,1
35292,0
19275,1
39110,1
6696,1
30141,1
16054,1
30128,0
23672,1
33762,1
24177,1
31572,1
1105,1
27044,1
36314,1
38271,1
12708,1
27238,0
35370,1
24298,1
30877,1
185,1
3382,1
30666,1
11025,1
31436,1
34708,1
34392,1
35378,1
6471,0
22969,1
20838,0
9636,1
25487,0
24523,0
24540,1
26009,0
24574,1
3918,1
24581,0
25362,1
25319,1
29702,1
36096,0
35578,1
37645,1
13161,1
2720,1
26941,1
30624,1
32454,1
21011,1
15628,1
29096,1
14818,0
32904,1
29060,1
15068,0
18808,1
32348,1
25282,1
24432,1
19461,1
23436,1
6738,0
35357,1
5505,0
7577,1
35088,1
2802,1
35164,1
26891,0
30347,1
16362,1
18775,1
18001,0
31964,1
10493,1
25806,0
5381,1
1941,1
18593,1
7258,0
29312,1
3679,1
28546,0
6146,0
8795,1
21659,1
5068,1
37536,1
38888,1
32892,0
35365,0
12682,1
24211,1
89,0
10863,1
26288,0
38849,1
21243,0
29627,1
10284,1
7368,1
4605,0
2716,0
30276,1
38897,1
10051,0
31730,1
18932,0
22122,1
31173,1
37895,1
26719,1
35333,1
21925,1
21516,1
26837,1
4847,0
3224,1
12324,0
5304,1
3446,1
8498,1
34742,1
16084,1
9159,1
5839,1
38649,1
36490,1
10194,1
18869,1
1444,1
3253,1
147,1
37194,1
13820,0
34329,0
25546,1
26306,0
18082,1
15809,1
14701,1
10643,1
9985,0
18012,0
9285,0
10166,1
33189,1
33314,1
25865,1
33076,1
31294,1
9599,1
37127,1
31139,1
37005,0
23502,1
1284,0
20085,1
32032,0
34962,1
28026,1
32791,1
38940,1
6087,1
30313,0
13585,1
7277,1
16484,1
8347,0
16634,0
37035,0
10049,0
30138,1
17743,1
28884,1
7020,1
6890,0
6366,1
6920,1
30017,1
11658,0
18236,0
29687,0
19265,0
36996,0
27684,1
28027,1
34024,1
3885,1
18614,1
765,1
13973,1
10489,1
16264,1
21886,1
14359,1
36810,1
32860,1
18357,1
38318,1
15294,1
8047,1
21426,1
2390,1
14899,1
9072,0
29706,1
15165,1
36439,1
8657,1
19426,1
24528,0
18470,1
10346,1
20149,1
19469,1
26340,1
17161,1
650,1
872,1
27065,0
3921,1
30264,0
36889,1
5532,1
19568,1
19691,0
4874,0
15337,1
36432,1
3844,1
3704,1
23921,1
29167,0
29322,0
31791,1
21508,1
9551,1
32136,1
17308,1
4751,1
19585,1
26436,1
25715,1
2245,1
22336,1
6864,1
10773,1
35059,1
16649,0
6089,1
25613,1
8096,1
25243,1
32767,0
7897,1
9263,1
31756,1
5616,1
32804,0
24313,1
12463,1
30843,1
13659,1
38586,1
32771,1
4602,1
21074,1
8516,1
22077,1
16380,1
38500,1
35293,1
18093,0
4494,1
7229,1
37026,0
4807,1
38377,1
1665,0
18204,1
13319,0
16230,1
12136,1
1581,1
33414,1
38259,1
5778,1
32802,1
11315,1
6999,0
16306,1
22496,1
19994,1
668,0
7787,1
16773,1
16302,1
27776,1
32444,1
24750,0
37426,1
16312,1
28375,1
18354,0
8532,0
38424,1
23444,0
25327,0
2873,1
6699,1
7424,0
17760,0
28839,1
2724,1
22242,1
29410,1
25796,1
23246,0
32527,1
26271,1
17829,1
38450,0
15988,0
2637,0
11950,0
33447,0
5705,1
35455,0
13976,0
18109,0
35559,0
7885,0
2849,1
4069,1
31411,0
39186,1
13185,1
36537,1
16549,1
20212,0
20254,1
22441,1
34865,0
23634,1
27980,0
22359,1
27512,1
35681,0
7643,1
10102,1
37065,1
11143,1
35975,1
17904,1
16826,1
1197,0
9703,1
14641,1
15583,1
37837,0
1683,0
5005,1
28191,1
32668,0
13686,1
37146,0
21913,1
37661,0
18601,1
21093,1
5161,0
23823,1
18175,1
13420,0
22637,1
12775,1
19063,0
7103,0
9163,1
8005,1
2958,1
18495,0
14006,1
14003,1
17116,1
35204,0
6255,1
26441,0
16564,1
4457,1
27745,1
6923,0
18002,1
34310,1
15513,1
612,1
26023,1
22234,0
26363,1
20996,0
16889,1
28713,1
36826,1
8374,1
5211,0
18559,1
33312,0
11542,1
20908,1
12399,1
31374,1
37456,1
4296,1
14169,1
11320,1
21174,1
14284,1
8340,1
33536,0
16782,1
2824,1
38925,1
31868,0
31083,0
12478,1
38938,0
1464,1
27247,1
22604,1
8992,1
1462,1
5678,1
33260,0
25881,1
16657,1
34794,1
14107,1
9870,1
27513,1
15480,0
7469,1
24078,1
22684,1
35930,1
27640,1
26466,1
37677,1
30191,1
15160,1
16340,1
15744,1
11004,1
16256,0
8885,0
17145,1
21602,0
32599,0
24652,1
18865,0
16460,1
10624,0
26593,1
14846,1
38997,1
22333,0
33233,1
32894,1
31739,0
3537,0
30099,1
35201,0
10745,1
4901,1
24835,0
6272,1
11114,1
39006,1
22295,1
5758,1
37906,1
36219,1
20102,1
13474,1
38798,1
28887,1
14022,0
25307,1
37812,1
12134,1
10707,1
6515,0
38136,1
23581,0
828,0
30345,1
9763,1
25910,0
9662,1
15436,1
26525,1
20409,1
4433,1
7265,1
36605,1
19294,0
2962,1
29510,1
30931,1
6619,1
13942,1
29698,0
29298,1
30583,1
12898,0
20428,0
27018,0
28466,0
7927,1
34673,0
14827,1
1396,1
33227,1
33895,1
3349,1
37986,1
1310,0
33630,1
2378,1
6749,1
5450,1
8936,1
5071,1
15863,1
4452,1
31625,1
29135,1
24546,1
37757,1
20243,0
17730,1
10182,1
2358,1
19159,1
8582,1
15736,0
8499,1
8852,0
35496,1
10999,0
5229,1
35182,1
32012,0
2749,1
21351,1
9777,1
15641,0
25530,1
4766,1
912,1
23218,1
22593,1
31250,1
32753,1
3663,1
30465,0
35818,1
34512,1
31711,0
35139,1
37472,1
36094,1
31971,1
10672,1
15461,1
21691,1
31553,0
32976,0
7092,1
14807,1
38532,1
34193,1
7490,1
27050,1
27876,1
9794,1
3422,1
7043,1
29528,0
15456,0
28864,0
8976,0
31002,0
14702,1
8057,1
31315,1
27433,0
8299,0
21097,1
16149,0
4378,1
14298,1
18291,1
39165,0
27,1
19128,1
27821,1
16192,1
2569,1
7066,1
1189,0
8444,1
3627,1
1425,1
16608,1
25620,0
17274,1
39067,1
13480,1
34224,1
4756,1
30221,1
10499,1
19633,1
33770,1
12796,1
18418,0
26325,0
17746,1
15418,1
29026,1
5066,1
30986,1
5806,1
10045,1
4287,0
21046,1
10383,1
27209,0
12173,1
18520,1
30241,0
16486,1
12783,0
32176,0
5135,1
20865,0
1874,1
35431,1
18112,1
3871,0
10781,1
30421,1
22070,1
19368,0
10183,0
19672,1
27177,1
14085,1
20894,0
13138,1
20849,1
27494,1
18778,0
10530,1
4608,0
5983,1
20298,0
28275,1
11534,1
25557,0
34053,1
24704,0
8368,1
7853,1
26136,0
13495,1
32122,1
7107,1
16534,1
6926,1
16470,1
14731,1
5633,1
10512,1
34986,1
9430,1
35450,0
23298,1
16496,1
33417,1
11399,1
9442,1
34916,1
20413,0
3105,1
29102,0
33013,0
16397,1
37452,1
16805,0
27779,1
33184,0
13382,1
3914,1
34652,0
6339,1
798,1
15920,1
24256,1
1252,1
17943,1
7572,1
27286,0
22509,1
30259,1
8862,0
26413,1
26267,1
32825,1
27225,1
35010,1
20939,0
164,1
16981,1
32462,1
20764,1
31500,1
35882,1
2979,1
23392,1
22912,0
27963,0
23603,1
5345,1
7349,1
7274,1
37987,0
30860,1
15907,1
23951,0
24952,1
20706,1
23767,1
16434,0
25602,1
11781,1
30300,0
20048,1
25470,1
19612,1
19170,1
36642,1
31655,1
11307,1
6139,1
11853,0
18387,0
15325,1
28373,1
37301,0
535,0
6104,0
12954,1
2707,1
18524,1
21761,1
8612,1
9081,0
11918,1
4037,1
14244,1
4189,1
20596,1
7192,1
34232,1
36386,1
18743,1
8055,1
2064,1
21441,1
22640,1
39057,0
17407,0
3427,0
36924,1
12565,0
15545,1
3800,1
18961,1
4747,0
23123,1
31508,1
27789,1
20098,0
14933,1
21647,1
11949,0
34364,1
13846,1
17215,0
12131,1
24169,0
36287,0
6685,0
29007,1
28396,1
6488,1
25122,0
10163,1
10854,1
27075,1
22649,1
36557,1
2264,1
1927,1
10797,1
24471,1
22385,1
306,1
26423,0
25334,1
33755,1
28924,0
5164,1
23551,0
39050,1
34131,1
12306,0
18666,1
39053,0
21411,1
38988,1
19641,1
9643,1
24951,1
21363,1
18985,1
5386,1
21895,1
24880,1
24310,0
37731,0
23335,1
29925,1
19165,1
37821,1
27214,1
7704,1
34076,1
1351,0
10623,0
36475,1
31948,1
31484,1
15925,1
30482,1
11495,1
35335,1
12683,0
3044,1
18499,1
14146,0
4222,0
10116,1
5383,1
31277,0
8883,1
6664,1
31945,1
8212,1
29651,1
38838,1
31707,1
32175,0
30368,1
36099,1
28188,1
31213,1
24362,1
1359,1
36717,0
14508,1
820,0
1670,1
4916,1
16954,1
34157,1
7479,1
19360,0
17410,1
15522,0
20402,1
30732,1
8972,1
17083,1
28992,1
2186,0
27387,1
36851,1
31910,1
4413,0
22428,1
16371,1
8605,1
18888,0
21323,0
7139,1
9702,1
2276,1
6345,0
25634,0
29248,1
30461,1
20976,0
24662,0
14613,1
33902,1
37208,1
22557,0
27735,0
32530,1
12496,1
33953,0
22092,0
8371,0
11786,0
36343,1
11815,1
15163,0
32853,0
23353,1
27811,1
20469,1
4612,0
31386,1
32905,1
13754,1
12253,1
193,1
38438,1
5107,1
19395,1
32409,1
12053,1
37250,0
15011,1
13522,1
11270,1
15569,1
37741,0
19087,1
17033,0
32254,0
13479,0
12764,0
4309,1
34771,1
8858,1
21640,1
30864,1
28703,1
37289,0
25353,1
1376,0
27924,0
24326,1
19045,0
2197,1
31546,1
30382,1
22754,1
13557,0
13618,0
14111,1
32424,1
4106,1
1102,1
19403,0
29502,1
16670,1
27663,1
29842,1
9261,0
3790,1
38341,0
24857,1
20834,1
21201,1
35676,1
25740,0
15121,1
5756,1
36192,0
3959,1
7185,0
11515,1
27051,0
35032,1
23095,1
21498,1
20209,0
26244,0
36449,0
16206,1
30031,0
34761,0
37612,0
19559,0
16320,0
29916,1
11616,1
26278,1
34417,1
11645,1
32013,0
11975,1
20238,1
23352,1
21674,0
30531,0
27549,1
7669,0
25893,1
23596,1
13328,0
19057,1
5740,1
31222,1
27001,1
23857,0
7862,1
5431,1
12838,1
4236,1
36985,1
10365,0
36901,0
32366,0
21481,0
32552,0
38141,1
9799,1
19977,1
8393,1
26300,1
23876,1
959,1
3977,1
23784,1
34647,1
19909,1
28389,1
22066,1
33559,1
8163,1
16903,1
23914,0
4831,0
24051,1
25153,1
5736,0
13804,1
8847,0
25666,1
39299,1
36150,0
19075,1
28136,0
35295,1
19498,1
38582,0
8610,1
15094,0
25125,0
29473,1
11436,0
9322,1
25132,1
7087,1
15148,1
12661,1
36729,1
33669,1
33253,0
11126,0
5481,1
20022,1
3071,0
22524,1
3484,1
13412,1
17663,0
29213,0
29394,1
27936,1
20379,1
26994,1
10075,1
16779,1
29629,0
31540,1
25982,0
14740,1
37643,1
25781,1
12290,0
7236,0
21365,0
13464,1
22346,1
27916,0
17095,1
23334,1
13840,0
21392,1
19024,1
34117,0
6223,0
22046,1
4484,1
2649,0
26686,1
11725,1
7500,0
2762,1
6979,1
6556,0
25058,1
18963,1
26446,0
35001,0
25541,1
287,1
35649,0
6303,1
3994,0
18209,1
38464,1
13741,1
28701,1
37818,1
22360,1
13244,1
12447,1
8342,1
4711,0
25606,1
19355,1
23769,1
36930,0
33277,0
24172,1
7653,1
11102,0
37618,0
7127,1
34270,0
22378,1
36470,1
1693,0
7530,1
21945,1
15915,1
9195,1
31620,1
11961,1
33039,0
22990,1
22083,1
35615,1
22293,1
8121,0
17125,1
5717,0
6836,1
30620,1
4039,1
35844,0
23787,1
25276,1
33576,1
24464,1
13154,1
26263,0
30701,0
38106,1
8745,1
17884,1
21948,1
2621,1
8886,1
20505,1
2382,1
3863,0
11593,1
34169,1
30969,1
13868,0
3175,1
14193,1
36939,1
5812,1
14458,1
25488,0
31416,1
16423,1
23747,0
21732,1
2780,1
26906,1
547,1
4732,1
15371,1
30378,1
38990,1
10186,1
3471,1
38606,1
11446,0
34979,1
7382,1
17690,0
12534,1
6691,1
23812,1
25986,0
21763,1
24828,1
12619,1
554,0
38700,0
15857,0
28426,1
17782,1
4971,1
1250,1
32938,1
11842,1
13184,1
25534,0
15009,0
3172,1
10230,1
29784,1
2295,1
36266,0
21680,1
12472,1
8092,1
5018,1
26768,1
36888,1
2352,1
28845,1
25366,1
21454,1
28937,1
37690,0
25047,1
4992,0
39036,1
37237,0
22918,1
34233,1
15019,1
871,0
3389,0
11285,1
9306,1
5885,1
29019,1
2184,0
22181,1
30509,0
4655,1
8764,1
834,1
31427,1
8928,1
31452,1
7449,1
36824,1
8063,0
12520,0
771,1
31593,1
28802,1
8519,1
13649,1
31698,1
31007,1
23949,1
11594,0
12408,1
19299,0
33309,1
35823,1
31925,0
12119,1
29786,1
497,1
11546,0
31796,1
8875,1
37002,1
17402,1
17430,0
32027,1
33920,1
24757,1
4215,0
34553,0
3323,0
12536,0
3102,1
18675,1
30176,1
30228,1
32982,1
4686,1
35590,1
21514,1
9255,1
9696,1
33598,1
16223,1
30044,1
38653,1
27905,1
1395,1
11149,1
29224,1
8166,1
23021,0
17481,1
20343,1
7502,0
4967,1
28194,0
37145,0
38858,1
38052,1
38214,1
32765,1
10982,1
330,0
38818,1
15157,1
4811,0
18661,0
14600,0
38721,1
28155,1
11905,0
12604,1
30920,1
16841,1
35679,1
37190,1
15802,0
18934,1
10872,0
21452,1
35339,1
13081,1
12174,0
35541,1
11754,1
5011,1
12102,0
3978,1
4952,1
24195,1
3970,1
25876,0
3063,1
21723,1
6668,1
36667,1
26425,0
11090,0
21509,1
14262,0
30979,1
37242,1
13695,1
25510,1
1720,1
10056,1
37544,0
3067,1
22589,1
24655,1
22673,1
38115,1
15839,1
35929,1
16091,1
21052,1
19101,1
24023,1
31152,1
32942,1
21646,1
37169,0
9247,1
7666,1
13690,1
22148,1
29668,1
12857,0
8782,1
33803,1
20381,1
9929,1
22289,1
33355,1
35216,1
20138,1
34879,0
28983,1
15843,1
16838,1
27954,0
6277,1
14316,0
14935,1
4932,1
20759,1
31446,1
10615,1
35177,0
1685,0
30006,1
20457,1
26791,1
10358,0
14665,0
18080,1
27007,1
36541,1
35134,1
8718,1
5664,1
17399,1
1480,1
8172,1
33561,1
17856,1
29466,1
22140,1
34465,1
23661,0
3339,1
37991,0
20763,1
7889,1
8777,1
12041,1
15331,0
39258,1
30505,1
29471,1
11880,1
35446,1
17309,0
28116,0
30036,1
23714,1
1997,1
7083,1
9387,1
10679,1
31320,0
14998,1
50,1
22426,1
17307,0
29234,1
28798,1
17993,0
33605,1
608,1
16066,1
24277,1
39086,1
25430,1
32941,1
30396,1
17540,1
17121,1
36794,1
20658,1
23278,1
28935,1
35693,1
12107,1
7177,1
24705,1
26321,0
1849,0
28805,1
19901,1
19107,1
18177,0
13306,0
33509,1
9119,0
28835,1
24877,1
25415,1
2717,1
38846,1
3195,1
28909,1
38121,1
15149,1
18861,1
10035,1
24095,1
27747,0
34830,0
7332,0
8930,1
28173,1
11577,0
24072,1
20388,1
8821,1
36875,0
25356,1
12987,1
12788,1
1233,1
19025,1
8265,0
28347,1
4526,0
38961,1
14249,0
11148,1
32985,0
3786,0
16370,1
6130,1
7209,1
34912,1
7547,0
17300,1
16905,0
1877,1
21060,0
29748,1
14747,0
19069,1
6902,1
24462,0
19914,1
9205,1
6503,1
18691,0
5168,1
12284,1
6552,1
35238,1
30924,0
7768,1
13946,1
22576,1
18224,1
32289,1
17047,1
30329,0
28587,0
37212,1
13726,1
16800,1
5407,1
11235,1
10279,0
30223,0
1539,1
27971,1
2980,1
32992,0
13140,1
31603,1
18510,1
10390,1
31596,1
12038,1
15494,1
23938,1
28010,1
15990,1
12990,1
20731,1
13883,1
22884,1
7263,1
32666,1
4671,1
34306,0
34989,1
19576,0
11010,0
38257,0
17250,1
7663,1
15327,1
32228,0
9378,1
1314,1
4934,0
15312,1
28075,1
30932,0
22739,1
7899,1
13517,1
24335,0
22095,1
10795,1
33167,1
35507,1
9563,1
33947,0
24435,0
17460,1
16281,1
32296,1
16011,1
4468,1
15083,1
25200,1
1286,1
6644,1
32340,0
19971,1
9422,1
13031,1
15501,1
13273,1
15230,1
24488,1
33150,1
13550,1
8765,0
5291,1
1058,1
10715,0
10296,1
5571,1
6624,1
12980,0
26101,1
5473,1
14851,1
38028,1
3777,1
36465,1
22881,1
20119,0
31470,1
24736,1
27336,1
36708,1
11617,1
24003,1
32549,1
34033,1
36887,1
14510,0
19607,1
1389,1
17980,1
7330,1
29664,1
37227,1
2964,1
26374,1
16167,1
18253,1
3045,1
12654,1
25835,1
26226,1
14655,0
20776,1
24130,1
34025,1
14200,0
32412,1
22616,1
15439,1
34778,1
3720,1
3657,1
17203,1
29358,1
22212,1
15109,1
7135,1
29313,1
30652,1
32690,1
18792,0
15462,1
7772,0
26264,1
23170,1
24290,1
33818,1
28499,1
35386,1
15550,1
28454,1
17868,1
10295,1
20493,1
20698,1
33688,1
30961,1
16583,1
2931,1
7794,0
29189,0
16481,1
33928,0
34342,1
28355,0
33231,1
23557,1
3635,1
5549,1
9742,1
5295,1
38226,0
18477,1
32288,1
8035,1
23520,1
8068,1
26908,1
34070,1
7499,1
7929,1
1935,1
9604,1
492,1
874,1
4541,1
8282,1
3880,1
4127,1
12768,1
12364,0
32818,1
23076,1
31648,1
3386,1
21669,1
36328,1
31634,1
36416,1
16175,1
22861,1
14232,1
2324,1
18288,1
2774,1
4385,1
18563,1
8832,1
12325,1
38613,1
17287,1
29911,0
30974,0
15679,1
2165,0
1073,1
38820,1
18230,1
11669,1
25286,1
18998,1
23410,1
29371,1
3310,1
7774,1
30787,1
20648,1
37020,1
16145,0
28125,1
2593,1
30444,0
8894,1
28390,0
23856,1
15593,1
438,1
1214,1
4748,1
850,1
21438,1
21312,0
23817,1
16899,1
20410,1
21255,1
28889,1
255,1
5761,1
7369,1
25784,0
10215,1
21462,1
36459,1
27941,1
34367,1
32760,1
12621,1
27062,1
6347,1
19236,1
38853,1
7041,1
3190,0
26980,1
2513,1
18129,1
12588,1
8436,1
33241,1
38488,1
38507,1
38855,1
32969,1
35716,0
3180,1
14067,1
36235,0
11391,1
112,0
14739,1
32906,1
14895,1
15453,1
30542,1
818,1
34866,1
20357,1
21899,1
36385,1
13360,1
29961,1
6383,1
38567,1
31401,1
22847,1
2501,0
35809,1
15511,1
28009,1
3517,1
24429,1
37756,1
23626,1
18363,1
18854,1
37241,1
21814,1
25946,1
29628,1
36026,1
13093,1
17563,1
10317,1
23590,1
18595,1
11051,1
5636,1
19887,1
11059,1
34919,1
1104,1
18602,1
14925,1
282,1
1202,1
34264,1
30089,1
11370,1
26081,1
3314,1
16584,1
431,1
18278,1
14726,1
11752,1
7475,1
12394,1
17193,1
22463,1
32285,1
13167,0
30357,1
14334,0
33778,1
8694,1
22917,1
34918,0
35114,1
21778,1
15346,1
8537,1
33515,1
8074,1
720,1
10629,1
17454,1
16904,1
31959,1
11466,1
8786,1
37214,1
22400,1
3425,0
24286,1
9257,1
24419,1
27662,1
37903,0
34966,1
30910,1
23986,1
24694,1
24076,1
36536,1
5653,1
19131,1
7118,1
36860,1
11931,1
17135,1
8812,1
27626,1
14239,1
32506,1
33198,0
14926,1
18513,1
36989,1
17478,1
7677,1
12223,1
584,1
13956,1
1972,1
16521,1
24245,1
2346,1
22419,1
26936,0
16755,1
1328,1
12752,1
21983,1
4850,1
32103,1
20723,1
34038,1
28871,1
17187,1
35977,1
7251,1
35289,1
14657,1
7605,0
19228,0
2082,1
6455,1
3541,1
3317,0
6003,1
15006,1
18324,1
5903,1
15103,1
11365,1
38512,0
14609,1
17094,1
6215,1
1195,1
10324,1
8462,1
7271,1
36310,1
3893,1
35555,1
17376,1
31806,1
1590,1
27527,1
35421,1
5744,1
5363,1
18683,1
15535,1
13652,1
1532,1
7460,1
25242,1
30279,1
33945,1
31909,1
35331,1
15847,1
39309,1
1957,1
19402,1
12839,1
24849,1
7450,1
6922,1
19207,1
4324,1
21576,1
36371,1
26038,1
34688,1
37928,1
34930,1
18333,1
28870,1
34370,1
30867,1
10708,1
34533,1
22983,0
1116,1
23260,1
25388,1
27973,1
37768,1
20778,1
7569,1
5065,1
9526,1
3715,1
19721,1
24672,1
31953,1
15895,1
21167,1
3721,1
7394,1
8459,1
17670,1
14273,1
36699,0
21734,1
28020,1
18310,1
21333,1
1467,1
19137,1
29772,1
32788,1
16347,1
8640,1
19273,1
5448,1
3309,1
33210,1
4076,1
23485,1
1491,1
30667,1
35392,1
9222,1
2229,1
11482,1
3869,0
30922,1
20753,1
31356,0
3982,1
26212,1
38562,1
36411,1
15825,1
16622,1
1051,1
31133,1
24469,1
25297,0
14125,1
17276,1
22310,1
17175,1
17539,1
27961,1
37909,1
9863,1
2323,1
31635,1
30278,1
1265,1
8983,1
34514,1
33200,1
37635,1
4673,1
35651,0
12873,1
18902,1
11349,1
1678,1
7434,1
2974,1
25699,1
24202,1
14163,1
22078,1
3378,1
9372,1
36281,1
25018,0
39253,1
21991,1
14212,1
23205,1
32403,1
33507,1
26506,1
21287,1
14538,0
6883,1
14234,0
30591,1
25009,1
14137,0
33448,1
16392,1
5063,1
35315,1
15770,1
14144,0
20833,1
32817,1
36997,1
6064,1
19605,1
5714,0
30454,0
16607,1
11992,1
36771,0
29003,1
19158,1
15680,1
1135,1
33925,1
15502,1
3054,1
8844,1
20709,1
21021,1
20178,1
11636,1
14736,1
27372,1
33142,1
13275,1
19267,0
27246,0
15718,1
5182,1
35413,1
8714,1
25321,1
8932,1
537,1
23455,1
17040,1
7252,1
17689,1
17975,1
31147,1
25762,1
17144,0
5106,0
10083,1
9281,1
20884,1
8533,1
36029,1
22094,1
491,1
36387,1
9832,1
34161,1
21963,0
38465,1
11666,1
1533,1
26310,1
18079,1
32468,1
25531,1
23922,1
21152,1
21526,1
32808,1
37960,1
10007,0
21303,1
25490,1
38179,1
2370,1
14226,1
25642,1
27781,1
6519,1
27829,1
28622,0
18411,1
35654,1
25985,1
11371,1
32626,1
36892,1
7207,1
5962,1
24099,1
20023,1
14536,1
37648,1
9164,1
37822,1
18391,1
6769,1
32431,1
6170,1
25948,1
10355,1
37156,1
8627,1
16258,1
32714,1
31011,0
10931,1
31009,1
37377,1
34015,1
35252,1
27741,1
33800,1
11282,1
25838,1
1305,0
2568,1
2052,1
13393,1
12108,1
13983,1
3345,1
32521,1
29190,1
24468,1
38213,0
27987,1
25504,1
37252,1
28397,1
7886,1
33163,1
7606,1
2016,1
28382,1
25444,1
9157,1
37746,1
33332,1
32545,1
24240,1
28444,1
30950,1
32980,1
13061,1
15493,1
9108,1
19272,1
19204,1
1341,1
34350,1
32935,1
8117,1
13071,1
4290,1
27053,0
12564,1
11858,1
2299,1
30236,1
26348,1
5169,1
36938,1
26794,1
34809,1
6034,1
30800,1
11784,1
30631,1
33522,1
29267,1
19580,1
16007,0
4797,1
23297,1
10276,0
20737,0
32750,1
4336,1
34237,1
15507,1
26700,1
27089,1
5575,1
26696,1
7990,1
24442,1
15790,1
28712,1
22714,1
26352,1
23700,1
4665,1
27125,1
7725,1
16725,1
19844,1
28527,1
2819,1
6550,0
16786,1
28780,1
31066,1
33696,1
1861,1
12026,1
17674,0
34925,1
14352,1
4368,1
10046,1
6809,1
13600,1
2767,1
25753,1
9708,1
33518,1
32377,1
28957,1
4546,1
7008,1
32375,1
2700,1
37078,1
3983,1
26834,1
4360,1
10204,1
37398,1
683,1
741,1
37504,1
35945,1
36909,1
25792,1
17140,1
35957,1
11598,1
14931,1
11802,1
32841,1
13284,1
3848,1
20634,1
28338,1
12139,1
38480,1
33884,1
30162,1
9149,1
33747,1
23657,1
4554,1
27573,1
19531,1
18684,1
36127,1
38427,1
4267,1
30891,1
12005,1
5128,1
24049,1
38008,0
851,1
25323,1
33370,1
31997,1
11535,1
13806,1
25821,0
33682,1
13330,1
35107,1
7827,1
18374,1
27516,1
7305,1
5354,0
24898,1
9212,1
10372,1
4871,1
8595,1
17349,1
31038,1
3315,1
29162,1
7705,1
15033,1
13845,1
7684,0
29505,0
5931,1
13529,1
28153,0
30165,1
4128,0
1741,1
35819,1
860,1
29615,0
31720,1
13372,0
21658,1
38802,1
36566,1
18973,1
14724,0
25524,1
32212,1
22451,1
14599,1
38505,1
33900,1
19639,1
27862,1
15496,1
31387,1
15095,1
24842,1
31674,1
26804,1
25425,1
34356,1
12375,1
2456,1
6758,1
36286,1
39197,1
22170,1
15846,1
30862,1
17765,1
22292,1
37278,1
18122,1
34737,1
15097,1
23709,1
20821,1
27381,1
34478,1
11527,1
21147,1
28610,1
16364,0
31360,1
13022,0
525,1
16859,1
34166,1
21485,0
3525,1
31485,1
2399,1
199,1
17437,1
18843,1
435,1
30314,1
23059,1
6851,1
29362,1
5987,1
26683,1
36030,0
19043,1
14106,1
14883,1
11585,1
34468,0
32114,1
18788,1
8286,1
12319,1
32736,1
5474,1
30779,1
31006,1
11139,1
31329,1
5396,1
11214,1
8539,0
12742,1
32663,1
20450,1
7059,1
33792,1
24417,1
19058,1
3417,1
20946,1
26628,1
35015,1
24756,1
39222,1
5268,1
15982,1
18246,1
20012,1
22890,1
31155,1
1497,1
3049,1
5700,1
20553,1
29894,1
10082,1
37147,1
24640,1
19653,1
4160,1
37634,0
28922,1
34784,1
32737,1
28994,0
37155,1
22831,1
2941,1
30200,1
26432,1
4984,1
24571,1
31569,1
33396,1
31702,1
33292,1
1472,1
29934,1
29464,1
7888,1
455,1
36188,1
7319,1
17622,1
30170,1
26919,1
9922,1
30705,1
11653,1
2144,1
32149,1
35068,0
28213,1
26194,0
11450,1
6698,1
13210,1
31035,1
38827,1
24317,1
26140,1
19567,1
35509,1
36508,1
15714,1
3014,1
10864,1
19237,1
23863,1
35222,1
31094,1
33933,1
19643,1
20960,1
6305,1
3632,1
15311,1
17643,1
38376,1
7072,1
22939,1
28569,1
21555,1
22668,1
21704,1
13699,1
35264,1
26556,1
14122,1
38929,1
30553,1
9444,0
35743,1
36731,1
32441,1
33967,0
4883,1
26205,1
10457,1
1110,0
2228,1
7942,1
32716,1
18547,1
13346,1
14362,1
38711,1
10841,1
34407,1
27708,1
18073,1
2652,1
30248,1
2809,1
22701,1
592,1
3900,1
11694,1
13509,1
9891,1
23680,1
37495,1
29764,1
34354,1
16196,1
26552,1
4082,1
7561,1
10331,1
3271,1
6783,1
4798,1
18030,1
29802,1
14018,0
25130,1
1485,1
19386,0
21813,1
32172,1
2608,1
29543,1
32163,1
26779,1
29952,1
13024,1
29887,1
25435,1
13799,1
29972,1
5204,1
26165,1
32373,1
26604,1
15973,1
37559,1
19717,1
1111,1
32660,1
1303,1
8684,1
30034,1
14605,1
11516,1
13898,1
35715,1
1564,1
18900,1
8324,1
14528,1
2239,1
32914,1
10065,0
14103,0
23972,1
25014,1
23587,1
10340,1
15867,1
11428,0
8751,1
22268,1
29616,1
4500,1
13311,1
13272,0
8513,1
3364,0
32049,1
2768,1
37198,1
14000,1
20503,0
38317,1
1580,1
39168,1
27341,0
27383,1
17925,1
14364,1
3925,1
35212,1
28795,1
15865,1
34568,1
9078,1
18459,0
18469,1
9302,1
12103,1
18420,1
16662,1
5101,1
5113,1
8406,1
18406,0
18914,1
7818,1
38571,1
16140,1
25855,1
20376,1
3142,1
35202,1
14878,1
13335,1
27268,1
24045,1
29689,1
12610,1
20167,1
6390,1
4260,1
31686,1
37286,1
8296,1
34485,1
32683,1
27800,1
6024,1
11716,1
21007,1
9125,0
6596,1
26743,1
3571,1
3811,1
19645,1
20536,1
36615,1
30566,1
37567,0
22195,1
30873,1
30159,1
2648,1
39321,1
19517,1
29917,1
124,1
25773,1
32359,0
14158,1
13830,1
36864,1
35394,1
30819,1
34190,1
22011,1
7264,1
12227,1
12247,1
26025,1
8169,1
27074,1
88,1
18624,1
31897,0
15787,1
27013,1
19452,1
20133,1
2019,1
7007,1
23668,1
37021,1
34000,1
29389,1
12475,1
21367,1
13772,1
14977,1
38815,1
15065,1
18825,1
30808,1
5086,1
6202,1
7058,1
37835,1
22481,1
29361,1
32390,1
26049,1
30081,1
32930,1
23371,0
27287,1
21156,0
7529,0
9684,0
10774,0
21033,0
23138,0
29123,0
10336,1
1181,0
32235,1
31322,0
18873,0
17733,0
33482,0
24569,0
24595,1
29130,0
11178,0
14190,0
4866,0
6318,0
34907,0
26761,0
11682,1
1379,0
2965,0
16621,0
23285,0
32748,0
8597,0
8479,0
18242,0
1190,1
8510,0
13885,0
5467,0
37637,0
15075,0
19050,0
1801,0
29204,0
34967,0
27834,0
11226,0
9032,0
33955,0
17443,0
2330,0
26842,0
38270,1
5684,0
14015,0
30741,0
4839,0
28292,0
23650,0
22306,0
13314,0
8061,0
14502,0
2377,0
21703,0
15941,1
1283,0
36719,0
1430,1
36090,0
18536,1
26961,0
38716,0
16818,0
7855,0
35344,0
14185,1
26986,0
31004,0
5973,0
2482,0
25049,0
13383,0
10458,1
29697,0
445,0
11580,0
20039,0
32852,0
19367,0
11831,0
4019,0
18769,1
21002,0
29741,0
4754,0
36290,0
10224,1
19259,1
26781,0
19041,0
14805,0
34216,0
30576,0
29066,0
8233,1
5874,0
33944,1
7422,0
11286,0
29724,0
18250,1
24365,0
2202,0
24156,0
5933,0
9056,0
16342,0
8692,0
2927,0
12903,0
27621,0
1579,0
9575,0
17106,0
29555,0
1928,0
8213,0
18016,0
38749,0
27563,0
12443,0
2059,0
24108,0
21457,0
16934,0
9398,0
10481,0
34814,0
35898,0
30643,0
30169,0
24981,0
37411,0
21706,0
15108,0
7571,0
13978,0
2967,0
8201,0
23198,1
36988,0
37038,1
27211,0
28227,0
4182,0
21788,0
11589,0
7048,0
32078,0
24882,1
38908,0
34685,0
3991,0
7654,0
35683,0
26723,0
19197,0
27399,0
17359,0
33085,0
18715,0
13307,0
7691,0
18565,0
29767,0
27468,0
35596,0
36278,1
2445,0
20489,0
26434,0
3344,0
29067,0
17999,0
34845,0
26641,0
1134,1
27628,0
26092,0
27313,1
24515,0
29432,0
20173,0
12670,0
17452,0
6231,0
34697,0
36559,0
16761,1
2196,1
14462,0
33282,0
19365,0
27139,0
28380,0
19601,0
18733,0
31001,0
19545,0
2011,0
23415,0
29920,0
13300,0
27837,1
14430,0
26698,0
2331,0
38693,0
33763,0
2631,0
9610,0
6391,0
23378,0
2288,0
30105,0
26253,0
10887,0
10979,1
34509,0
36213,0
9389,0
16190,1
30664,0
26586,1
2737,0
34083,1
32961,0
5094,0
4203,0
14950,0
34304,0
9793,0
1129,0
38674,0
2591,0
38945,0
15995,0
36880,0
12648,1
4158,0
35253,0
12338,0
11200,0
37267,1
6514,1
38563,0
15430,0
35972,0
38625,0
6731,0
15614,0
86,1
32511,0
20429,1
11066,0
32882,0
32415,0
25817,1
22723,0
19804,1
39325,0
25518,0
34963,0
7060,0
536,0
239,0
13764,0
4365,0
22638,0
16000,0
29429,1
13152,0
31714,1
4168,0
18302,0
17303,1
7670,0
19896,0
27192,0
17282,0
15944,0
19468,0
20228,1
19867,0
15608,1
2559,0
473,0
11641,0
22123,0
10101,1
10158,0
20801,0
23293,0
5406,1
29328,0
22580,0
35878,0
23040,1
6607,0
10803,0
13911,1
28023,1
4120,0
9722,0
16279,0
16960,0
28809,0
13841,1
22743,0
24774,0
11359,0
37288,0
35871,1
4110,0
2411,0
34280,0
11165,0
29374,0
853,0
13211,1
17074,1
16282,1
33942,0
17320,0
22621,1
17362,0
26169,0
34606,1
17790,0
17798,0
9524,0
16872,1
19882,1
16393,0
10100,0
8687,1
25752,0
33943,0
17389,0
4254,0
17027,0
37201,0
33436,0
19148,0
13767,1
30295,0
15683,0
24135,0
37633,0
12083,0
20844,0
9178,0
38730,0
6080,0
1687,0
29257,1
28226,0
477,0
3371,0
1772,0
15698,0
691,0
18637,0
16637,1
30010,0
16714,0
38082,0
35101,0
22620,1
1774,1
14197,0
18629,0
25203,1
7613,1
13378,0
37433,0
15488,0
4507,1
21938,0
15404,0
29503,0
14934,0
36730,0
14790,0
24408,0
35503,0
26153,0
7385,0
15959,1
22785,0
13748,0
10961,1
6019,0
18836,0
7144,0
6,0
14240,0
19936,1
6825,0
21827,0
14519,0
36210,0
324,0
36565,0
35479,0
4718,0
26298,0
29153,0
20873,0
2903,0
23950,0
30619,1
23987,0
24252,0
35775,0
22108,1
2571,0
13291,0
14044,0
6444,0
17257,0
21434,0
5998,1
33513,0
24647,0
25551,0
14507,0
26317,0
24861,0
1138,0
32367,1
1570,0
20568,0
2757,0
4788,1
25672,0
3878,0
34674,0
25199,1
22107,1
26142,0
13703,0
22753,0
13564,0
26742,0
22522,0
12612,0
28674,0
8161,0
14205,0
16985,0
25103,0
2152,0
3155,0
31591,1
3771,0
29481,0
4184,0
35130,0
12289,0
35103,0
27504,0
24318,0
35234,0
16744,0
29489,0
38977,0
3038,0
4228,0
4493,0
31846,1
30754,0
9869,0
20162,0
6002,0
14174,0
10173,0
17069,1
29945,0
32067,0
17827,0
30735,0
32157,0
1280,0
11908,0
20025,0
23134,0
33379,1
26699,0
17242,0
10818,1
8661,0
24556,0
3585,0
826,0
3384,0
38264,0
34854,1
4987,0
13823,0
17253,0
35466,0
28792,0
20118,0
1194,0
35561,0
21804,0
25443,1
10954,1
28141,0
3129,0
8052,0
24134,1
27452,0
1257,0
10177,0
37727,0
17298,0
20460,0
27143,0
29506,0
1676,1
2122,0
35603,0
16968,0
17932,0
20944,0
34863,0
3103,0
12362,0
26138,1
24086,0
25025,0
22053,0
33708,0
26803,0
3658,1
19208,0
31068,0
23009,1
9218,0
14294,0
26649,0
25956,0
4802,0
13882,0
29215,0
26030,0
31970,0
6819,0
8721,0
6779,0
37174,0
8356,0
12618,0
5527,0
17661,0
13407,0
37540,0
8184,0
30627,0
30657,0
35529,0
12147,0
22034,0
35002,0
18723,0
20629,0
6044,0
19700,0
13975,0
27655,0
31019,0
27129,0
30783,0
28797,0
21867,0
22786,0
20297,0
30005,0
23508,0
9305,0
13146,0
27645,0
31347,0
31503,1
19784,1
3557,0
12378,0
23433,0
9190,1
5191,1
28491,0
29109,0
33238,0
24361,0
18573,0
2435,0
36008,0
1237,0
8807,1
369,0
27994,0
37696,1
4966,0
20319,1
17615,0
2326,0
359,0
31080,0
19145,0
17361,0
18197,0
10500,0
17010,0
5464,0
30942,0
30575,0
26806,1
8355,0
30011,0
27634,0
18431,0
36466,1
13341,0
31406,0
23250,0
4513,0
18344,1
58,0
11984,0
5202,1
17419,0
26401,0
5832,0
32576,1
22009,0
16688,0
11171,0
36596,0
21443,0
34766,0
14636,0
7712,0
34425,0
37166,0
27832,0
24061,0
17613,0
11758,0
25575,0
27542,0
12679,0
30786,0
12317,1
2886,0
27302,0
31538,0
14892,0
19130,0
27047,0
5546,1
3735,0
36903,0
27830,0
21442,0
29881,0
14848,1
5359,0
34261,0
1095,0
33377,0
33728,1
27487,0
25266,0
13264,1
15677,0
26409,1
15349,0
36166,0
37081,0
24794,0
17960,0
28698,0
25648,0
28993,0
28872,0
35082,1
10121,1
2023,0
712,0
25295,0
34014,1
3897,1
35138,0
37009,0
5536,0
5765,0
6983,1
28964,0
13610,0
23255,0
25219,1
17988,0
38808,1
3274,0
18904,0
36923,0
2994,0
5889,1
9646,0
14685,0
5995,0
33073,0
38311,0
20257,0
1004,0
10293,1
15268,0
21716,1
18186,0
22719,0
12170,0
10858,0
29443,0
4863,1
30133,1
28486,0
5045,0
6459,0
10608,0
25302,0
16303,0
29560,0
10460,0
23867,1
23744,0
5694,0
30737,0
4799,0
29068,0
38970,0
36842,0
36686,0
33368,0
2241,0
38202,0
33020,0
18147,1
30225,0
6850,0
23054,1
146,0
2808,1
5367,0
4618,0
29832,0
26721,0
12761,0
7730,0
11770,0
6211,0
2428,0
27467,0
1336,0
10857,0
2453,1
12807,0
11103,0
29470,0
175,0
28031,0
22386,0
38537,0
4258,1
27639,0
21855,0
32575,0
12265,0
2507,0
22539,0
16731,0
28281,0
13913,0
13822,0
13633,1
32171,1
7476,0
37967,0
26358,0
30245,0
2698,1
1146,0
28985,0
11563,0
28832,0
22277,0
10447,1
21374,0
20866,0
39163,0
22941,1
1728,0
29870,0
36245,0
25959,0
7911,1
23406,1
34982,0
11628,0
36207,0
667,0
26192,0
6973,0
38478,0
13279,0
22051,1
21493,0
7249,0
12524,0
27990,0
34591,0
26208,0
363,0
13313,0
852,0
3191,0
13181,0
6742,0
9897,0
34994,0
33530,1
28034,0
27521,0
10796,1
17228,0
2101,0
209,0
15902,1
15567,0
12942,0
3584,1
6948,0
18296,0
11946,1
12341,0
3881,0
32473,1
33351,0
16865,1
12975,0
14196,0
15824,0
20421,0
28353,0
8236,0
11117,0
822,1
31626,0
2396,1
539,0
846,0
5706,0
36206,1
3297,0
6091,1
2231,1
946,0
16195,1
32051,0
7979,0
24990,1
4809,0
28411,0
24711,0
13203,0
1654,0
20181,0
25156,0
38244,0
9537,0
17642,0
7575,1
9908,0
20622,0
5049,1
33862,0
1523,0
9098,0
10636,0
8767,1
7115,0
1713,0
21875,0
30966,0
31414,0
27428,0
17826,0
25622,0
30118,0
13332,1
6542,0
10095,0
21113,0
15670,0
8557,0
7702,1
15879,1
38439,1
21045,1
17347,0
7816,0
36962,0
30669,0
18947,0
20456,0
7937,1
17620,1
12072,0
2498,0
32948,0
7445,0
29818,1
22802,0
38832,0
5284,1
3302,1
14486,0
37257,0
36683,0
22921,1
26024,1
14908,0
20121,0
19118,0
29501,0
30734,0
27561,1
27090,0
22021,0
22660,0
6861,0
10360,0
266,0
22089,0
31656,1
16119,0
5088,1
24895,1
20279,0
22855,0
5446,0
28497,0
25027,1
10804,0
35085,0
26021,0
18377,0
30102,0
37813,0
2884,0
35790,0
9906,0
18022,1
24303,0
12422,0
27539,1
16529,0
38079,0
18009,0
29643,0
10437,0
34565,0
4590,0
32850,0
10661,0
28478,0
25788,1
23049,0
30251,0
27652,0
26463,0
1360,0
8320,0
28645,0
14772,0
37587,0
35584,0
22497,0
14134,0
34578,0
30457,0
29590,0
22462,0
38289,0
25026,0
20613,0
21971,0
21479,0
34579,0
17008,0
38422,0
13289,0
29206,1
18652,1
32612,0
29565,1
655,0
37684,0
30380,0
34219,0
8538,0
14635,0
9402,0
4795,0
34334,1
27008,0
3670,0
32559,0
27100,1
21024,1
476,0
32300,0
10261,0
33088,0
1700,0
9694,0
28965,0
39038,0
20196,0
30157,0
10805,0
33179,0
31611,0
24673,1
39206,0
35712,1
19813,0
14155,0
24500,0
14617,0
5521,0
9129,0
4143,1
24406,0
6066,1
24783,1
5189,0
30730,0
16089,0
36498,0
29455,0
36222,0
37491,0
35087,1
32777,0
29759,0
29897,1
12476,0
17058,0
11432,0
33222,1
30211,0
7843,0
23693,0
27674,0
32328,1
31836,0
18107,0
33860,0
15950,0
24878,1
14732,0
18237,0
16373,0
29749,0
16289,1
23686,0
1269,0
12184,0
7788,0
33098,0
37016,0
34418,1
15729,0
2683,0
36967,0
8247,0
32349,0
32497,1
14180,0
18314,0
4240,1
32385,0
11397,0
24302,0
32770,1
37553,1
28146,0
20248,1
28302,0
14025,0
8843,0
7925,1
8267,0
26179,0
15407,0
11406,0
17972,0
37836,0
18668,0
7223,0
6457,0
21896,0
7960,0
31333,0
32351,0
19000,0
16746,0
1910,0
33101,0
20322,0
15111,0
7228,1
16719,1
18264,0
15101,0
32981,0
27345,0
15572,0
32206,0
36390,0
14098,1
26643,0
24703,0
36311,0
33230,0
813,1
8555,0
27356,0
30586,0
12076,1
37505,0
20529,0
21791,0
9467,0
8366,0
12021,0
35337,0
4101,0
32732,0
38392,0
10359,0
1974,0
34331,0
4434,0
21825,0
4509,0
33786,0
3087,0
13878,0
16758,0
27037,0
32944,0
18144,0
2728,0
34290,0
8492,0
16763,0
28406,0
12181,0
4614,0
12492,0
27173,1
32759,0
19670,0
31991,0
4728,1
2182,0
17928,0
36822,0
31376,0
24920,0
18269,0
19767,1
8738,0
3610,0
36982,0
599,1
36359,0
3141,1
31736,0
30695,0
898,0
2978,0
28251,0
38412,1
23531,0
12521,1
32919,1
27473,0
1594,0
29040,0
12804,1
36121,1
16677,0
978,0
22908,0
39049,0
27919,0
576,0
20372,1
20109,0
8095,0
38807,0
27477,0
36603,0
39133,1
10826,0
9415,1
34381,0
37736,1
24725,0
38574,0
36666,0
35067,0
28613,0
35121,0
5528,0
25746,0
5588,0
10169,0
14229,0
5840,1
16914,0
11639,0
26796,0
15401,0
24478,0
27582,0
36775,0
2505,0
12059,0
17811,1
37627,0
38254,0
11599,1
16071,1
15062,0
23282,0
17835,0
33469,1
22131,0
24781,0
29261,0
13389,0
38155,1
7157,0
4724,0
24695,0
14392,0
28628,0
15220,0
22437,1
22196,0
7724,0
33839,1
32204,0
7871,0
17923,0
21821,0
16502,0
19036,1
15044,1
7049,0
12811,0
38547,1
25459,0
37939,0
13611,0
33318,0
12594,1
37132,0
19351,0
29279,0
31369,0
2632,0
18768,0
9664,0
12196,1
4012,0
8810,0
5797,0
6950,0
2353,0
16522,0
24357,0
6250,0
37552,0
19398,1
2149,0
9062,0
17533,0
20857,0
19674,0
1397,0
4683,0
38829,0
8427,0
32735,0
32849,0
7373,1
32537,0
25645,0
34816,0
27586,1
13691,0
16003,0
14652,0
9889,0
32526,0
27839,1
31199,1
25147,0
37636,1
6537,0
9154,0
1852,0
17143,0
31424,1
25082,0
19650,0
900,0
20398,0
23771,0
9943,0
19591,0
26079,0
6413,0
2526,0
14308,0
9219,0
31352,0
16631,0
20936,1
15030,0
16247,0
14762,0
16131,0
13759,1
22272,1
11855,0
32434,1
16188,0
11706,0
39196,0
30686,0
24670,1
9278,0
37337,0
17271,0
2558,0
22449,0
4598,0
38019,0
26362,1
38230,0
19092,0
36836,0
14469,0
36839,1
14746,0
16575,0
34050,0
28853,0
17018,0
32570,0
6737,0
26411,1
15956,0
19070,0
31430,0
3876,1
20710,1
26015,0
12970,0
