ids,predicted
14061,0
16467,0
25725,1
9100,0
32597,1
12156,1
2908,0
38379,0
38263,1
22142,1
18682,0
30513,0
573,0
25191,1
13948,1
34343,1
21345,0
37655,1
6014,1
13765,1
3182,0
8361,0
25144,1
29199,1
18241,0
8098,1
24576,0
21636,1
26330,1
12803,1
12848,1
37276,1
29855,0
24145,1
16680,0
18307,1
32605,1
3611,0
29300,0
38283,1
20512,1
14651,1
23312,1
5253,1
28757,0
5897,1
22489,1
8114,0
22440,1
3100,0
27024,1
7777,0
14173,1
688,1
6275,0
39149,0
862,1
26366,1
38652,0
37203,0
16558,1
10343,1
2813,1
20745,0
18482,1
20604,0
14256,0
25083,1
37507,1
5016,1
1471,1
4232,1
13322,0
36953,1
12435,1
33090,0
16034,0
24410,0
4358,0
25274,0
14915,0
10348,0
24949,1
8973,1
29334,1
35718,0
27746,0
13715,1
24481,0
14381,1
12143,0
4525,0
21116,1
19947,1
9595,0
3203,1
960,1
11416,1
30305,0
16390,1
31219,0
15807,0
33847,1
18262,0
35862,1
35613,0
7639,1
35979,0
3861,0
24598,1
11087,0
9554,1
20281,0
29879,0
11309,0
17477,0
27015,1
10021,1
13587,1
21076,1
1773,0
21608,1
28803,1
28576,1
1023,1
4594,1
22069,0
19018,1
20855,1
19464,1
1363,1
20290,1
31307,0
38498,1
4810,0
4636,1
781,1
3392,1
20464,0
20096,1
27771,1
3374,1
19930,1
8866,1
21069,1
19627,1
29306,1
1605,0
32922,1
39085,0
14919,1
36805,0
13505,1
8669,1
31480,1
19198,1
28966,0
25040,0
27095,0
13621,1
27492,0
16875,1
26670,1
36878,0
19109,1
38005,1
11155,1
5621,1
21826,0
34333,0
2977,0
27396,1
19429,0
13238,0
9867,1
24555,0
4780,1
20624,1
35327,1
17918,0
18019,0
16770,0
5858,0
15115,0
12607,0
5034,1
2671,1
12963,1
17729,1
34153,1
10125,0
22671,1
23289,0
36630,1
35928,1
33477,1
13654,0
22488,1
14730,1
8864,0
21248,1
36042,0
19352,1
28028,0
18763,1
634,1
34624,1
17164,1
4576,1
33613,1
26243,1
30024,0
28722,0
21858,1
38646,1
2544,1
20270,0
350,1
36555,0
16113,1
17440,0
4319,0
25599,1
10391,1
34375,1
6254,0
5986,1
33649,0
13903,0
31379,1
28076,1
30070,0
8705,1
8031,0
34286,0
29592,1
30710,1
1998,1
13892,1
38630,1
38235,1
15315,1
15520,1
25808,1
6987,1
10161,0
6889,1
3796,1
817,0
28239,0
19301,0
38885,1
20774,0
23592,0
19746,1
3746,1
19337,1
12135,0
18449,0
2820,0
34961,1
6115,1
11742,0
22877,1
751,1
10397,0
3433,0
34505,1
10515,0
29783,1
6878,1
10533,1
13056,1
25816,1
13020,1
11287,1
10874,1
20204,1
10345,1
24910,0
10578,1
38177,0
29227,0
25250,1
22791,0
12730,1
37639,1
27683,1
8378,0
34057,0
30758,0
21719,1
7453,1
37248,1
29242,1
22501,0
35829,1
11016,1
8898,1
31930,1
11912,0
11109,1
12310,0
23150,1
32692,1
20735,1
37093,1
27070,0
30132,1
28702,1
27769,1
29715,1
32318,1
33102,0
18118,0
27903,1
19042,1
26080,1
11332,0
11849,0
1062,1
37709,1
8896,0
33014,1
34872,0
31220,1
36407,1
23697,1
20506,1
25423,0
11983,1
14466,0
12078,1
5387,1
29226,0
23370,1
33601,1
18194,1
9605,0
30238,0
18436,0
32440,0
3319,1
1032,0
36519,1
36915,1
24988,1
15551,0
3252,1
36680,0
28434,0
22251,1
8988,0
21317,1
7346,1
30852,0
23496,1
14307,0
9545,0
15267,0
26871,1
23575,1
31298,0
19735,0
3801,1
14159,1
1883,1
33746,0
10522,0
3306,0
38075,1
15305,1
36946,1
36742,1
17209,0
31192,1
15244,0
15201,1
35019,0
35478,0
21430,0
8534,0
23053,0
84,1
9973,1
24161,1
21815,1
11456,1
11055,0
16743,1
18991,0
10552,0
18239,1
15478,1
22964,1
11812,1
19268,0
27587,0
4197,0
29682,0
32446,0
4187,1
21975,0
7090,1
15523,1
2596,0
31497,0
31363,1
8859,0
25198,0
38469,1
28248,0
16756,1
605,1
11074,0
33229,1
10435,1
11249,0
13619,0
11508,1
12909,0
29216,1
10823,0
14764,1
5360,1
10739,1
35607,0
31044,0
33737,0
17957,0
29963,0
37775,0
21381,1
14722,1
11528,0
10967,1
8319,1
32700,0
35308,1
35484,0
2483,0
31820,1
25133,1
10728,0
30067,1
33487,0
23199,0
18326,1
28189,0
3106,1
22424,1
28288,0
10723,1
8358,1
8486,0
9837,1
2492,1
15643,1
6377,1
32294,0
19927,1
22387,1
35069,0
30130,1
9253,0
957,0
11443,1
6593,1
26112,0
17609,1
1576,1
21352,0
13853,1
16542,0
29532,1
32487,0
14434,1
20854,1
13817,0
18260,1
13590,0
5981,1
38979,1
9201,1
33851,0
28065,0
3001,0
10454,1
33043,0
34923,0
20994,0
22256,1
27066,1
33288,0
22158,1
18108,0
38969,0
29964,1
27264,0
16955,0
24615,1
6643,1
30346,0
12705,1
20830,0
38616,0
10949,1
18011,1
37918,1
32785,0
225,1
9041,1
28931,0
22893,1
19824,1
25407,0
19292,0
25503,1
24457,1
25830,0
2273,1
28216,1
22134,1
37508,1
32569,1
12794,1
24594,0
38687,1
12415,1
25433,1
27242,0
33426,1
11283,0
34870,1
28135,0
6352,0
37817,1
2529,0
26624,1
4516,0
36882,1
8411,0
13403,1
35104,0
24461,1
10628,1
34847,0
38234,1
15326,1
5483,1
9275,0
25151,1
31217,1
15542,0
16216,1
11354,1
22738,0
15684,0
27265,1
3165,1
12828,0
38292,1
33354,0
8386,1
35432,1
7543,1
22773,0
31355,1
27976,1
13070,1
22519,1
20805,0
9529,1
25155,0
35740,1
2167,0
37381,0
5214,0
38510,1
4622,1
26067,0
37717,1
29308,1
10894,1
31774,1
22902,0
22944,0
32662,0
20258,0
35673,1
9007,0
5056,0
1837,1
1030,1
10842,0
18540,1
34780,0
31492,1
10155,0
18362,0
18525,1
30012,1
17549,1
34869,0
17426,0
26807,1
31309,1
14312,1
22766,1
16446,1
21057,1
26789,1
10747,1
9052,1
12591,0
15661,1
11423,0
22459,1
23103,0
23112,1
35512,0
23122,0
20387,1
600,1
1818,0
21894,0
32843,0
22329,1
38956,1
11818,1
22263,1
15379,0
31457,0
21478,0
39075,1
21531,0
10129,0
16473,0
19951,0
5779,1
10646,1
30332,1
12971,1
9498,1
9086,1
38778,1
7798,0
19860,0
3391,0
34897,0
31837,1
4548,1
17137,0
21231,1
23782,1
3478,0
35709,1
23759,0
24833,1
665,1
9726,0
34936,1
35545,1
21580,1
12586,1
8160,1
18539,1
4040,1
29959,1
18871,0
10244,0
35897,1
16385,1
25119,1
25436,0
1465,1
17528,1
35081,1
27016,1
23435,1
1493,0
23442,0
10808,1
26631,0
19855,1
22596,0
34099,0
10772,0
3338,1
38006,1
3348,0
19501,1
29740,1
23515,1
37481,1
23516,0
7067,0
8737,1
10448,1
37283,1
38429,1
24629,1
15715,1
25059,1
10652,0
17756,1
31587,1
1674,1
25558,1
17605,0
9330,0
9057,0
26958,1
14340,1
12403,0
7815,1
32004,1
12283,1
24549,1
21532,1
14152,1
23619,1
23287,1
10815,0
11873,1
36118,0
30807,1
18953,0
12736,0
14036,1
2885,1
28158,0
23635,1
17485,1
5579,0
27385,1
2567,1
24918,1
35228,0
11649,0
22735,0
484,1
20951,0
3414,0
36167,1
1625,1
2750,1
3729,1
17982,1
17455,0
16075,1
29621,1
11797,1
27221,1
11262,1
24936,0
34536,1
15459,1
27603,1
7340,1
27057,0
33915,1
17494,0
29366,0
23818,1
11910,0
31477,0
30538,1
32772,1
31158,1
18389,1
24392,0
19353,0
29536,1
35482,0
9866,0
11131,0
26476,0
22505,1
23758,0
10210,0
27110,1
2262,1
13677,1
15832,0
2402,1
17483,1
2103,0
35367,1
37871,0
13248,1
21881,1
3809,1
4973,1
10231,1
37955,1
16630,1
25402,0
19755,1
5594,1
6822,0
24646,1
12926,1
13440,1
24948,0
24008,0
9042,1
8860,1
10106,1
20301,0
23152,0
22956,1
4882,1
1757,1
3930,1
31498,1
847,1
27096,1
20046,0
36543,1
29170,1
12067,1
11572,0
37329,1
35694,1
34908,0
36941,1
3972,0
28928,1
39153,1
8882,1
36816,1
1144,0
8890,1
29551,1
36130,0
22765,1
37649,1
13371,0
21803,0
7834,1
14071,1
22896,0
9627,0
20164,1
12837,1
35108,1
21682,1
20152,1
34954,0
4524,1
23615,0
31116,1
32396,0
21428,0
27114,0
7974,1
5784,0
28704,1
11637,1
9655,1
15342,1
38137,1
12093,1
719,0
30818,1
16331,0
4586,0
33683,0
39073,0
21503,1
11713,1
37189,1
1071,0
8577,0
23901,1
21432,0
6000,1
21494,1
13317,1
13325,1
25039,1
8211,1
7466,0
5876,0
19015,1
32249,1
11878,1
16900,1
37296,1
22205,0
19213,1
23301,0
31095,0
21258,0
18306,1
8178,0
28301,1
16705,1
2006,0
5819,1
27661,1
21124,1
5580,1
9781,0
15309,1
36420,0
21173,1
20470,1
8158,1
22222,1
3713,1
35966,1
35854,1
10110,0
35671,1
18238,1
12303,0
7845,0
1931,1
38812,1
11958,1
6719,0
7078,0
36688,0
34984,0
11981,1
6388,1
11437,1
31628,1
8831,0
11720,0
30418,1
5524,1
16707,1
13752,1
12085,1
32482,1
18752,1
12097,0
8109,1
1978,0
32148,1
17432,1
16565,1
15968,0
38782,0
9976,0
12171,0
17954,0
42,1
5727,1
26848,0
10277,0
18673,1
36128,1
27267,1
30653,0
39097,1
15208,0
6067,1
666,0
26468,0
35538,0
38521,1
14361,1
36879,1
31071,1
17497,1
24809,1
21137,1
27019,1
35905,0
8284,1
31631,1
34005,1
24009,1
14094,0
11915,1
19262,1
13059,1
1845,0
13011,1
20623,0
31876,1
35926,1
7992,0
20564,1
4002,1
25375,0
10847,1
16268,1
19836,1
12988,1
6414,0
19181,0
395,1
1976,1
16493,1
1065,1
2066,0
20441,0
4369,0
26622,1
285,1
25324,0
38973,0
8535,1
13364,0
16683,1
8357,1
19409,1
11072,1
20739,1
12550,0
19862,1
26903,1
25984,0
20066,1
13838,1
33590,1
4929,1
9295,1
12771,0
4784,1
33741,1
33361,0
15838,0
12354,1
35641,1
693,0
1962,1
4472,0
28262,1
27636,0
20134,0
2187,1
10526,0
18150,0
32475,1
26523,1
19763,1
19096,1
7984,0
7548,1
23311,1
4071,0
13213,0
32740,1
18720,1
8106,1
13990,1
38210,1
5172,0
13207,0
19900,1
14029,1
2900,1
19873,1
24548,0
28625,1
26347,1
31760,1
11971,0
38018,1
22779,1
12940,1
19765,1
4404,1
3974,1
38156,0
5534,1
34829,1
17512,0
36070,0
20135,1
26232,0
31729,1
22837,1
12819,1
13641,0
31108,0
19577,1
16137,1
7779,1
19095,1
13827,1
12631,0
5298,1
7813,1
3209,1
38390,0
32800,0
12913,1
18232,1
8570,1
16032,0
5175,0
35575,1
6478,1
37185,1
14339,1
35919,0
6561,0
2773,1
37904,0
2412,1
23495,0
21890,1
30834,1
5412,0
29645,0
8897,1
21630,1
19373,1
30203,0
2713,1
17714,1
37935,0
17093,1
9386,1
7706,1
5399,1
31780,1
13132,1
13851,1
29412,1
4736,1
5427,0
6358,0
16506,1
13149,0
1794,1
6708,0
30408,1
19154,0
32509,0
13179,1
20216,1
35301,1
13485,0
14366,1
8545,1
7916,1
7396,0
25747,1
10442,1
5492,1
30309,0
16656,1
19030,0
39311,1
26062,1
21035,1
32117,1
503,1
15014,0
21916,1
13267,1
11779,1
18937,1
22133,1
26875,1
8141,1
6637,0
20983,0
33702,0
35537,0
21762,1
22340,0
6109,1
6479,0
9269,0
15179,1
30809,0
24384,0
32621,1
27159,0
1604,1
6500,0
7734,1
32353,0
1894,1
5026,1
12479,0
21799,1
18681,1
18693,0
31629,0
6817,0
20977,0
30322,1
9963,0
23228,1
2121,1
13530,1
12887,1
7566,1
12291,1
29513,1
32208,0
7556,1
13463,1
3079,1
19093,0
18644,1
12717,0
27732,0
32043,0
38240,1
36763,1
33431,0
14378,1
24439,0
6947,0
5382,1
26332,1
3694,1
11519,1
33299,0
36936,1
26550,1
13646,1
35075,0
13835,0
17591,1
17123,1
36460,0
13117,1
17994,1
30100,0
15106,1
12203,0
7742,1
6216,0
18155,1
17571,0
18519,1
10829,0
11469,0
2269,1
18083,0
5259,1
9011,1
20749,0
11419,0
9338,0
9533,1
18174,0
35260,1
2508,0
17278,1
22460,1
11811,0
5392,0
30196,1
20578,1
14610,0
28508,1
27929,0
35987,1
10794,1
18512,1
17926,1
36398,1
18050,1
231,1
12840,1
13687,1
1332,0
36627,0
17866,0
17859,0
31632,1
27115,0
13854,0
36165,1
6379,1
7410,0
34748,1
35153,1
16902,1
35678,1
18487,1
81,0
2770,0
15143,0
17940,1
2584,1
18268,1
11791,1
17007,1
17693,1
21134,1
19806,0
3911,1
35063,0
25370,1
13198,0
17600,1
6070,0
19110,0
26695,1
8014,1
34101,0
24995,1
34195,0
6093,1
24394,1
6816,1
11366,0
14640,1
6182,0
25568,1
6187,1
17491,1
36401,1
7311,1
25271,1
17472,0
11889,1
33490,0
36306,1
6369,1
14552,0
14208,1
19564,0
6579,0
20284,0
1515,0
4519,0
6114,1
27997,1
14642,1
2193,1
9752,1
14875,1
17773,1
34348,1
470,1
28708,0
6217,1
23754,0
35553,0
7138,1
736,0
17793,1
18971,1
31184,1
25883,0
17169,1
5810,0
15703,1
1450,1
7250,1
27273,1
12577,0
1688,0
19257,1
7195,1
6256,0
2955,1
20688,1
7216,0
13843,1
14389,0
37614,1
33081,1
1092,1
2835,0
11134,1
17004,0
4462,0
37363,0
17963,1
27064,1
29658,1
18568,0
34560,0
4032,1
25726,1
10455,1
34317,1
20541,0
36622,1
16912,0
15,1
14453,1
29707,1
27188,0
18790,1
35268,0
8742,1
39272,1
2344,1
34746,1
34527,1
6354,1
25248,0
30344,1
21477,1
2970,1
4308,0
17704,1
12712,1
18703,1
27093,1
32432,1
8051,1
13471,1
16720,1
36532,1
35668,1
24463,0
12750,1
2185,1
28003,0
16033,1
23096,0
31944,1
31665,1
21265,0
1784,0
25152,1
11955,1
21384,1
25783,1
38544,1
16550,1
10870,0
20577,1
28267,1
32347,1
8881,1
16986,1
16516,1
27400,1
20562,1
16507,1
16497,1
31314,1
1871,0
16440,1
30824,1
29460,0
18051,1
35629,1
1684,1
19291,0
17189,1
7246,1
26361,1
16572,1
15323,0
31048,1
7080,0
18544,1
5127,1
7124,1
15673,1
14491,1
30574,1
1915,0
8457,1
38105,1
32723,1
29747,1
36834,1
22752,1
38594,1
24498,1
10742,0
17495,1
6583,1
18916,0
14992,1
7112,1
11350,1
26690,0
15152,1
16161,1
16106,1
20065,0
11442,1
5203,1
25317,1
3402,0
37867,1
6646,1
16004,1
27348,1
2054,1
22500,1
34660,1
26429,1
15202,1
14938,1
28334,1
35361,1
15820,1
13900,1
36069,1
16263,1
23833,1
37175,0
22824,1
5895,1
27429,1
11238,1
15740,1
17227,0
37852,0
19481,1
25801,0
31496,1
782,1
38774,1
4960,1
15269,1
23197,1
2787,0
34160,0
26485,0
26869,0
30032,1
20931,0
6919,1
15084,0
23168,1
13808,0
36709,1
1509,1
30496,0
34222,1
15587,1
30123,1
8825,0
23992,1
14575,1
27604,1
37551,1
3661,1
38952,1
32180,1
3093,1
22111,1
26901,1
33080,1
15442,1
519,1
25358,1
27294,0
15451,1
1223,1
36005,1
37590,1
1483,0
11734,1
20584,0
23308,1
30528,1
15389,1
8628,1
14833,0
13340,1
36159,1
34426,1
33981,1
28052,0
28356,1
1445,1
22436,1
13269,1
26085,1
8544,0
26258,1
33329,0
23629,0
39264,1
38017,1
32806,0
34185,0
36313,1
24125,1
38762,1
4086,1
27243,1
27547,1
30103,1
37368,1
9928,1
29625,0
8536,1
20724,1
26058,1
9221,1
28633,1
15594,1
11551,1
25797,1
34956,0
33553,1
3266,0
29175,0
15615,0
29901,1
8967,1
1653,1
30222,1
34501,1
26326,1
5362,1
2586,1
35576,1
24070,1
22377,1
18063,1
20762,1
39151,1
12344,1
944,1
22646,1
15055,0
22316,0
26633,1
34357,0
8168,1
8575,1
29161,1
39051,1
10441,1
30372,1
33324,1
18283,1
31348,0
7325,1
13377,1
845,1
6536,1
20582,1
31005,1
33306,1
8081,1
25474,1
28361,1
19260,1
22276,1
2693,1
15076,1
34338,1
34107,1
34974,1
3676,1
28955,1
28930,1
25891,1
2704,0
908,1
18613,1
34714,0
18879,1
38352,1
9319,1
5830,1
10463,0
25067,1
28577,1
1812,1
38151,1
10862,1
38064,1
35105,1
1150,1
17322,0
19705,1
34567,1
16879,1
12614,1
588,1
1132,1
28893,1
30391,1
38993,1
30716,1
1117,1
37000,1
30767,1
2063,1
30597,1
35996,1
17393,0
3278,1
19827,0
11407,1
9388,1
25555,1
7312,1
6261,1
38600,1
16361,1
26746,1
21038,0
24638,1
19162,1
1076,1
23877,1
30840,1
3650,0
20002,1
6964,0
30146,0
18650,1
25255,0
1070,0
30887,1
1049,1
23667,1
16085,1
24026,1
6943,0
35921,1
1919,1
23399,1
28630,1
30625,1
23652,0
3078,1
384,1
3150,0
2609,1
20105,0
30984,0
9165,1
30731,1
31028,1
10833,1
17922,0
15667,1
7980,1
30331,1
15918,1
16357,1
7116,1
7239,1
28169,0
9779,1
6789,1
31053,1
29280,1
37254,1
25126,1
11079,1
21660,1
4087,0
31123,1
17364,1
4234,1
2001,1
18426,1
28409,1
9758,1
39042,0
950,1
39157,1
935,1
32975,1
19614,1
5090,1
22834,1
763,1
18751,1
14490,1
16594,1
12160,1
1388,1
6374,1
22257,1
31237,1
33199,1
6594,1
28402,1
30971,1
3375,1
1324,1
31510,1
35155,1
19938,1
38612,1
6630,1
15236,1
1765,1
11253,1
5902,1
11473,1
34640,1
12228,1
176,1
37467,1
6168,1
31362,0
26894,1
31368,1
28068,1
6323,0
36208,1
28043,1
2661,1
4414,1
12438,1
23960,1
12027,1
14526,1
35565,1
2151,1
32209,1
5216,1
31745,1
31817,0
29395,1
7881,1
14060,1
773,1
10778,0
36034,1
38980,1
23094,1
31489,1
759,1
27895,1
15409,0
5511,1
36793,1
6342,1
21282,1
31740,1
14866,1
6177,1
2222,1
8020,1
29439,1
6268,1
5693,1
7062,1
33537,1
25086,1
28836,1
17655,1
20965,1
855,1
24786,1
30958,1
20300,1
3352,0
25417,1
6143,1
11657,1
34997,0
5742,1
4476,1
31354,1
1468,0
20814,1
18987,1
26114,0
4682,1
3170,1
35385,1
28232,1
6467,0
15546,1
15781,1
7962,1
31957,1
27471,0
21180,1
19952,1
17784,1
24458,1
4211,1
2431,1
32045,1
35988,1
38305,1
36607,1
38949,1
29177,0
34627,1
14297,1
37129,1
10141,1
2130,0
2937,1
29422,1
14563,0
32146,1
6442,1
27611,1
2278,1
32550,1
12689,1
31782,0
8493,1
25913,1
811,1
15042,1
33674,1
6298,1
27874,1
3761,1
4479,1
32293,1
18695,0
29431,1
7844,1
37498,1
27166,1
14547,1
7014,1
26685,1
22354,0
29111,0
8012,1
5537,0
29892,1
22938,1
15240,0
26568,0
2258,1
31483,1
26788,0
26507,1
32437,1
5807,1
36643,1
27012,1
8103,1
33819,1
9607,1
14513,1
21908,1
6244,1
39265,0
15482,0
2791,1
4458,1
31566,0
36735,0
17179,1
38608,1
6046,1
6800,1
9018,1
11549,1
13200,0
9923,1
613,0
37874,1
16442,1
38901,1
393,1
8377,1
31601,1
18359,0
8691,1
25686,1
5007,1
4104,1
31494,0
34141,1
13331,1
32684,1
26759,1
29617,1
1500,1
12938,1
1793,1
25234,0
15350,1
5117,1
26671,1
38183,1
1495,1
10566,0
2829,0
16790,1
21713,0
38154,1
19886,1
2629,1
7407,1
7172,1
3956,1
14059,1
32872,1
16058,1
6235,1
265,1
6164,1
4703,1
2679,1
15186,0
15184,1
33908,1
28815,1
25825,0
26816,1
36277,1
25730,1
26449,1
25053,1
23969,1
2868,1
31226,1
9531,1
32055,0
23898,0
22686,1
26386,1
35803,1
26379,1
35345,1
35384,1
6589,1
24553,1
38881,1
24609,1
17594,1
38495,1
27420,1
10855,1
31008,0
25527,1
483,1
36053,1
22532,1
23617,1
2449,1
26651,1
32674,1
19657,1
27303,1
33157,1
11196,1
2088,1
33294,1
2071,1
18276,1
3296,1
11208,1
27030,1
26137,1
33171,0
30147,0
2870,0
29780,1
23583,1
28441,0
38315,1
22002,1
38887,1
9022,1
5413,1
33271,1
10467,1
22328,1
36756,1
16867,1
26170,1
23058,1
3273,1
23618,1
7225,1
6914,1
17582,1
7696,1
26229,1
28218,1
11068,1
14149,1
22566,1
6332,1
8501,1
6885,1
1694,1
18881,0
1053,1
34412,1
15622,1
14145,0
33582,1
20501,1
8138,0
26145,1
25680,1
15366,1
28919,1
25661,1
28343,1
12464,1
22844,1
36288,1
18263,0
4364,1
1524,1
36821,1
17508,0
38125,0
13366,1
21104,1
9798,1
4765,1
30047,1
2079,1
31992,1
38648,0
33045,1
30351,1
39273,1
35662,0
28532,1
14543,1
36063,1
36767,1
37651,0
15181,1
9650,1
35997,1
27906,1
17814,1
19505,1
5046,1
1334,0
36014,1
1016,1
23377,1
32641,1
1027,1
24424,1
16517,1
12251,1
30704,1
5523,1
20933,1
19818,1
32631,1
22114,1
12382,1
36952,1
27548,0
11625,1
5592,1
2807,1
17054,1
36600,1
34623,1
33656,1
12724,1
21802,1
7233,1
28538,1
20897,1
1157,1
32664,1
13998,0
35714,1
16871,1
34194,1
20981,1
33245,1
15720,1
13352,1
26063,1
7446,1
358,0
29146,1
840,1
12288,1
25498,1
37027,1
9213,1
23809,0
32164,1
32031,1
28131,1
37051,1
19315,1
18208,1
15747,1
27927,1
21506,1
34093,1
14371,0
12713,1
14713,1
24244,1
15420,1
21623,0
6415,1
9609,1
6925,1
28568,1
5246,1
24241,1
16109,1
22691,1
7343,1
19596,0
12035,1
19271,1
30965,0
7755,1
16103,1
21993,0
8949,0
6756,1
5278,1
14066,1
12595,1
27374,0
25393,1
31335,1
22278,1
13847,1
4281,0
38444,1
7658,1
25586,1
18978,1
8136,1
26336,1
2587,1
30057,1
34781,1
18597,1
26149,1
34359,1
34045,1
27034,1
28641,0
33123,1
39,0
7940,1
35792,0
7033,1
11244,0
27425,1
33869,1
16356,1
17076,1
21673,1
16125,1
29325,0
33569,1
24941,1
27763,1
30720,1
28298,1
16499,0
34198,1
24729,0
34439,0
975,1
21629,1
15046,1
3883,1
8167,1
14398,0
39156,1
9272,1
7668,1
3510,1
32555,0
38473,1
11510,1
24403,0
39087,0
20488,1
15092,1
31913,1
36513,1
10785,0
31759,1
12515,1
21446,1
5422,0
28899,1
36330,0
7661,0
24945,1
2156,1
16445,1
19480,1
17270,1
7337,1
23291,1
4943,1
27280,1
4527,1
2261,1
23453,1
9192,1
15298,1
38485,1
4440,1
33196,1
15088,1
27419,1
4654,1
10165,1
37827,1
8895,1
14619,1
23281,1
28769,0
30158,1
5982,1
1746,1
9770,1
11819,0
36271,1
30085,1
36354,1
25660,1
28852,1
4148,1
11764,1
3039,1
25013,0
6998,0
12098,1
21183,1
27581,1
11327,1
35908,1
22993,1
30588,0
5258,1
12526,1
8364,1
1401,1
34293,1
28772,1
23776,1
4322,1
36780,1
15102,1
2423,1
8481,1
9556,1
15780,1
8376,1
19037,0
38012,1
6828,1
35725,1
7680,1
20973,1
20893,0
3455,1
35364,1
39245,1
33787,1
7467,1
12723,1
10137,1
22760,1
21221,1
11571,1
33475,1
34020,0
1550,1
27138,1
22759,1
12915,1
9617,1
21754,1
29743,1
6199,1
9843,1
26050,1
37873,1
38248,1
37187,1
13831,1
7217,1
2603,1
26387,1
22763,1
12824,1
22274,1
15963,1
10350,0
16990,1
18141,0
5199,1
10724,1
14189,1
31267,1
21427,1
34849,1
34051,1
596,1
10439,1
5148,1
6849,1
31773,1
37477,1
16290,1
33635,1
31718,1
25262,1
29238,1
1503,1
8446,1
36533,1
6076,1
21346,0
18531,1
15028,1
34260,1
37800,1
595,0
1544,1
10991,1
11187,1
16798,1
18875,0
5160,0
37420,1
8722,1
14177,0
19997,1
10382,0
11346,1
6385,1
20206,0
20831,1
4244,1
33579,1
1647,1
3710,1
15476,0
36397,1
6224,1
24183,0
77,1
25204,1
23962,1
32782,1
16295,1
12010,1
10602,1
948,1
9361,1
30040,1
1399,1
13739,1
9320,0
18461,1
37506,1
14535,1
22553,1
26207,1
19706,1
17839,1
6328,1
9577,1
8877,1
17079,1
7336,1
22454,1
23997,1
38332,1
4042,1
34544,1
19809,1
15162,1
3413,1
11293,1
20882,1
13664,1
15116,1
16706,1
27615,1
471,1
836,1
33175,1
7155,1
664,1
21284,1
30849,1
2271,1
27872,1
22145,1
1390,1
16023,1
25273,1
34299,1
23964,1
19430,1
38698,1
20003,1
4025,1
35383,1
29089,1
24146,1
11411,1
25043,1
35807,1
15548,1
22822,1
6865,1
447,1
29240,1
27237,1
31636,1
34062,0
1557,1
10611,1
26202,0
15266,1
3579,1
12238,0
9622,1
15198,1
8225,1
5851,0
11768,0
4257,1
8110,1
26687,1
22706,0
30426,1
26636,1
12162,1
6430,1
4139,1
36950,1
6651,1
35850,1
36862,0
26124,0
13214,1
2069,1
337,1
3397,1
39251,0
468,1
3730,1
37095,1
36776,1
3332,0
33523,0
32963,1
38279,1
30733,1
7089,1
5393,1
16022,1
36705,0
1139,0
7420,1
8187,1
26042,1
1366,1
13224,1
14436,1
36591,0
38111,1
19424,1
14135,1
27827,1
17998,1
11795,0
12376,1
32165,1
22927,1
13640,0
14356,1
2477,1
22085,1
15549,1
13401,1
13987,1
27135,1
28308,0
13941,0
12587,1
6156,0
21085,0
36379,1
37676,1
29436,0
2982,1
19924,0
13696,0
23719,0
7515,0
23806,0
1867,0
34481,0
8778,0
1911,0
29112,0
11098,0
12696,1
10889,1
20330,0
36623,0
31854,0
38349,1
13176,1
24884,0
37522,1
38093,1
20479,0
3401,0
16133,0
12984,1
1441,1
2061,1
7317,0
20943,0
27631,0
5405,1
16907,0
19322,0
1026,0
32828,0
25177,0
3566,1
26203,0
8032,1
28800,1
10601,0
38645,1
9145,0
12126,0
19782,0
39250,0
15801,0
20197,1
26620,1
34515,0
1225,1
29021,1
31461,0
19790,0
5208,0
643,1
28974,1
15732,1
26365,0
29799,1
18944,0
22709,0
1297,1
7268,0
33614,1
10041,1
37070,1
22071,0
24692,1
27038,1
17046,0
31463,0
8819,0
1872,0
31644,0
8399,0
31172,0
20430,0
993,1
1989,1
35934,0
31722,1
13545,1
192,0
39244,1
34437,1
26874,0
9107,1
31588,1
20790,1
30714,0
29079,1
7416,1
6278,1
5520,1
4575,0
3356,1
16322,0
21086,1
27775,0
22600,1
11954,1
6934,0
26154,0
17316,0
23582,0
26910,0
2656,1
35884,1
34136,0
19199,0
2448,1
21488,0
21356,1
2250,0
17172,1
25975,1
22835,1
7837,1
23811,0
17908,1
27870,0
11023,1
3238,1
16511,1
7150,1
1175,0
3313,1
33187,0
34878,0
27249,1
7294,0
32995,1
17831,1
32095,1
26573,0
5959,1
12350,0
6112,0
4432,0
36784,1
21027,1
26111,0
6389,1
10411,1
12642,0
21034,1
33875,1
20191,0
23926,1
35428,0
29552,0
22183,0
1739,0
20018,0
4225,0
25873,0
9706,1
28750,1
17874,1
9618,1
36741,0
14721,1
25735,0
23718,0
36340,0
15668,0
24479,0
8912,0
29025,1
29761,1
23309,1
13441,1
21582,1
28228,1
35457,1
6263,0
3250,1
23631,0
6893,1
21098,1
38662,0
31208,0
34507,1
9971,1
2053,0
2935,1
7022,0
2565,1
18037,0
35235,1
25116,0
25744,1
37796,0
38860,1
2897,1
28201,1
33244,0
610,0
29447,1
16559,0
28432,0
25684,0
26173,0
22542,0
1246,1
18425,0
16772,1
8892,0
31365,0
37441,0
37141,0
19077,0
11015,0
18244,0
24696,0
21782,0
39071,0
10592,1
8990,1
8520,0
17785,0
30943,1
2996,0
25368,1
28418,0
34420,0
25507,1
18421,1
5449,1
12321,0
12295,1
4176,0
19524,0
25609,0
26709,0
3795,0
20276,0
30405,1
8867,0
349,0
36349,0
34832,0
29631,0
7141,1
14671,1
25500,0
27797,0
31162,1
27000,1
11857,1
29820,0
35506,0
21553,0
27275,0
20148,0
3752,0
13926,0
36743,1
28064,1
29943,1
30970,1
11875,1
14616,0
26345,1
19858,0
6581,1
15738,0
36681,1
33606,0
36214,0
9259,0
11996,0
16483,1
4692,1
12036,0
10897,1
30967,0
37486,1
9466,0
5828,1
474,1
4617,0
12099,0
4159,0
26255,1
32870,0
39227,0
12816,0
23990,0
34238,1
23848,0
1703,1
20600,1
32406,0
35564,0
12620,1
20788,1
20812,0
12242,0
501,0
38918,1
10759,1
16286,1
35486,0
38851,1
15155,1
15390,0
23778,0
19542,0
32611,1
35353,0
35846,1
38549,1
38683,0
25978,0
18826,1
22821,1
34723,0
23484,0
2755,1
20836,0
10542,1
3070,0
5461,0
23554,1
7259,1
11355,0
23999,0
22931,1
37792,0
28572,0
30066,0
8514,0
39089,1
9859,1
23247,1
6729,0
2578,0
25240,0
7775,1
9741,1
18538,1
2014,1
28344,0
7906,1
38573,0
11539,1
26181,0
14525,0
31207,0
19422,1
23879,1
35271,0
34207,0
26656,1
37927,1
26960,1
7656,1
17830,0
10892,0
23421,1
14779,0
38739,0
26515,0
32211,1
25111,0
37723,0
18045,0
34833,0
24291,1
20641,0
27337,0
32813,0
6043,1
1607,1
21433,1
37159,0
30393,0
25497,0
39000,1
2116,0
24272,1
37037,1
24482,0
24284,1
10557,0
32086,0
25277,1
7400,0
33197,1
12432,0
26252,1
14769,1
28818,0
33060,1
23822,1
36645,1
38134,1
24412,0
38771,1
28595,1
13252,0
24526,1
10338,1
2146,0
32072,0
13620,1
12570,0
29140,1
18667,0
4786,1
11836,0
933,1
7760,0
33252,0
37941,1
33342,1
16094,1
2078,0
38176,0
20653,1
9079,0
28464,1
13722,0
8607,0
21931,1
34873,1
11116,1
7967,1
30870,0
14290,1
28129,1
23864,1
4420,0
7761,0
35670,0
13290,0
31697,1
33870,0
27462,0
4083,0
18566,0
1083,0
34791,0
450,0
22661,1
16110,1
2132,0
4761,1
32213,1
8154,0
13520,0
21455,0
38895,1
20499,1
8656,1
637,0
15124,0
21082,0
14994,0
38656,0
10474,1
9667,0
11775,0
6269,0
31622,0
16184,0
13731,1
20974,0
37030,0
30805,0
6172,0
8204,0
31610,0
10732,0
29458,1
21142,0
19570,1
628,0
11635,0
38994,0
21066,1
18648,1
5455,1
35631,0
31679,0
602,1
23460,0
15836,0
12523,0
8674,0
23338,0
10122,0
36908,1
25045,1
5176,0
1577,0
9733,1
26289,0
14277,0
36940,0
38184,0
37519,1
2002,1
17500,1
9170,1
3200,0
32383,1
35691,1
9949,0
30395,1
31091,0
32598,0
36241,1
20347,1
22978,0
12155,1
14681,0
36180,0
10725,1
24249,0
18097,0
34608,0
8203,0
27849,0
36011,0
13391,0
5165,0
36025,0
33391,0
25257,1
32867,1
38733,0
30199,1
15818,0
26405,1
31273,0
24375,1
28511,0
33548,0
25023,1
2533,1
18731,1
34658,0
19133,1
5250,1
22325,0
16825,1
12237,0
27933,1
28266,0
10006,0
16191,0
30663,1
22280,0
8150,0
22742,0
15467,0
33191,1
8872,0
18787,0
110,1
15837,1
16134,1
19608,1
33143,0
26835,1
33789,0
22937,1
29384,0
11078,0
35016,1
9455,1
36002,1
14423,0
39114,1
20220,1
39237,0
7550,0
26529,0
19532,0
20198,0
913,0
270,0
25225,0
37098,0
8585,1
30261,0
10554,0
31187,1
15835,1
28948,0
16366,1
30311,0
5385,0
10189,0
9652,1
2434,0
35161,1
11663,1
13947,1
1180,0
16462,1
25115,1
18980,0
25385,1
12369,1
165,0
17863,0
20646,1
30389,0
15913,1
16806,1
6420,1
23878,0
37588,1
13302,0
36462,1
19350,1
6897,1
4321,1
27744,1
29482,0
35470,0
1048,1
23694,0
25673,0
3085,1
27701,0
942,1
15192,0
25724,0
39256,1
11766,1
11567,1
30334,1
24166,0
17752,1
6240,1
504,0
23565,0
28971,1
28908,0
7455,1
14204,0
15005,0
8637,1
33192,0
37726,0
1527,0
12937,0
31531,0
31878,1
29988,0
5833,1
24452,1
4939,1
11364,0
18654,0
25968,1
31692,0
38038,1
4727,0
35152,0
23144,0
35980,1
7767,1
33520,0
8484,0
23593,1
19335,0
33907,0
11568,0
10059,1
14424,1
4430,0
19190,0
21017,1
4347,0
19680,0
7877,0
24235,0
17214,0
29518,0
4905,0
28242,0
20443,1
14130,0
2328,0
31404,1
21490,0
27026,1
38692,0
700,1
5825,0
32120,0
37422,1
20840,1
915,0
9594,1
24741,0
25896,0
17358,1
39225,0
4886,0
22648,0
16953,0
34410,1
8107,1
21090,0
30054,1
34855,1
21244,0
3908,0
3426,0
35752,0
11161,0
34978,1
11106,1
7800,1
36304,0
1176,1
35734,1
8126,1
5166,1
3243,1
22407,0
34903,0
9638,0
6504,1
11671,1
27854,1
3739,1
4105,0
7552,0
1436,0
15038,0
33975,1
36981,1
34211,0
2881,1
2831,0
32501,1
15610,0
11919,0
8601,0
35895,0
32173,0
33667,0
21642,0
2117,0
7521,1
16425,1
27185,0
23026,0
32688,1
38928,0
10721,1
18625,1
15487,0
4171,0
3894,0
18735,1
24454,1
36734,1
37765,0
34268,0
5009,0
13380,0
8188,1
30417,0
15066,1
5951,1
6686,0
7326,0
6627,0
30364,0
7075,1
28988,1
14217,1
18084,1
6122,0
5509,1
8916,1
659,0
5508,1
18008,1
26531,1
37850,0
16732,0
15575,0
22172,0
24855,0
29771,0
28934,1
25140,1
5249,0
7846,0
18355,1
15619,0
29553,1
11258,0
1422,0
5593,0
11224,1
1573,0
39226,0
92,0
30447,1
661,0
11780,0
16603,1
37566,0
27189,0
1185,0
2934,0
3335,0
20516,1
10720,0
6343,1
33748,1
6025,1
2259,0
5276,0
5092,1
24975,1
13865,1
6273,0
1090,0
3655,1
14270,0
23903,0
29758,1
17190,1
4241,0
20303,1
12082,0
33707,0
20440,0
32093,0
8059,1
27117,1
11323,0
3732,0
11793,0
3211,0
2922,1
20875,0
16587,0
18514,0
15310,1
24053,1
3462,0
24253,1
11280,0
25188,0
34540,0
29342,0
16074,1
14667,0
33495,0
15043,1
32256,1
27972,1
31965,0
3033,0
7288,1
11715,1
6154,0
10050,0
24886,0
21893,0
23568,0
35148,1
14259,0
22744,0
25828,0
4355,1
14755,1
1805,1
15721,0
15426,0
15387,1
22006,0
11847,0
9357,1
38088,0
8398,1
22554,1
34970,0
23077,1
2783,0
16376,1
12007,0
28358,0
29676,0
34018,1
18857,0
31433,1
27072,0
4915,0
6829,0
2799,1
12395,0
3784,1
16389,0
1901,1
22433,0
25320,1
37497,0
29589,0
24276,0
17382,1
23458,0
14034,0
15986,0
13697,0
32538,1
14320,1
22689,0
17283,0
12034,0
34707,1
12700,0
38252,1
14886,1
38110,0
30766,1
28627,0
2439,1
11113,0
5073,1
2504,0
33439,1
4442,1
38927,1
3429,0
16812,0
19286,1
10459,1
1209,0
28878,0
6946,0
17461,0
3147,1
12204,1
12957,0
36914,0
18394,1
17779,0
18628,1
5201,0
35187,1
31174,1
2976,0
8587,1
10327,0
17405,1
20631,0
31093,0
27696,1
33652,1
17151,1
13158,1
2155,0
29393,0
25685,0
22610,0
12328,1
34813,0
23727,0
14597,1
35938,0
9864,1
25109,0
19600,0
30198,0
6884,1
13779,0
5673,0
4741,0
970,1
35989,1
2745,1
1165,0
37264,1
20080,1
21944,1
36676,0
13558,1
19616,0
3247,0
8464,0
23676,0
10123,1
7307,0
33369,0
32633,1
38280,0
23472,1
29816,1
541,0
13225,1
36178,1
33132,1
37767,0
30144,0
31617,1
20722,1
28695,0
32899,0
23897,1
1750,0
4772,0
22384,1
36051,1
29544,0
31605,1
27217,0
29576,1
12297,1
29791,1
35813,1
20751,0
7591,0
8784,0
32280,0
31838,0
14558,0
26563,0
29852,1
12006,0
10299,0
15821,1
17108,1
24899,0
30361,0
8445,1
30078,1
2673,0
33006,0
30565,0
24953,1
31234,1
37946,1
36744,0
18294,0
37885,0
2443,1
15602,0
35122,0
39026,0
20289,1
20635,0
21133,0
2846,1
1215,0
31471,1
32326,1
8755,0
12110,1
18777,0
32455,0
37350,0
28415,0
29181,0
20076,0
25990,0
39207,1
19664,0
14079,1
19610,1
17554,1
23819,0
36785,0
18882,0
1122,0
36148,1
20092,1
35433,1
23171,0
13547,0
7698,0
31254,1
30889,0
3892,0
28059,1
8869,1
27694,0
33736,0
22722,0
32965,0
30468,1
12866,0
12806,1
35863,0
38107,0
647,1
18400,0
20962,1
25758,0
17725,0
22159,0
23157,1
11822,0
15235,1
20937,0
35824,0
4619,1
5921,1
27888,0
19615,0
17152,0
13053,1
629,0
21391,1
1671,0
4247,0
23469,0
18014,0
22156,0
776,1
22420,1
19053,0
29390,1
13074,0
9075,1
13124,1
7850,1
13283,1
19560,0
6222,1
15004,1
26618,1
7875,0
14435,0
6319,0
30383,0
12315,1
19055,1
5842,0
21523,1
421,0
16893,1
8920,1
18931,1
35720,0
24042,1
21868,0
14678,0
4049,1
13992,0
27538,0
28804,0
32573,1
17556,1
15751,1
26981,1
7297,0
30312,0
22608,0
18225,1
180,1
28175,1
29281,1
6517,0
19112,0
25619,1
39135,0
36309,0
1943,0
682,1
37183,0
31765,1
19807,1
3808,0
29554,1
16395,1
22819,1
33095,0
27907,0
15376,1
30755,1
1115,0
26360,0
31126,0
16969,1
3293,0
14631,1
1650,0
29152,0
5179,0
21293,0
16523,1
18095,0
38968,1
7587,1
16604,0
3118,1
23336,0
22814,1
25452,0
28549,0
5302,0
23690,0
36506,1
6921,0
23599,0
35699,1
1383,0
28677,1
32959,0
25846,1
34247,1
7610,0
36652,0
1856,1
9200,1
20891,0
16270,1
21573,0
983,0
3922,0
22587,0
37912,0
7164,1
14341,0
33623,1
5540,1
29479,1
4746,1
34905,0
37110,0
10040,1
22288,0
32710,1
12890,0
8441,1
13636,1
7004,0
422,0
13688,0
31638,0
26668,1
1475,0
561,1
23299,0
2416,0
13315,1
12854,1
37399,1
4919,1
28874,0
13343,0
16162,0
24307,1
7044,0
32303,0
3111,0
29739,0
16589,0
11901,1
25084,0
6329,0
17115,0
986,0
27576,0
33894,1
35184,0
9675,1
8794,0
7745,0
30387,1
11153,1
10198,1
841,0
18135,0
31394,0
4491,0
20210,0
1494,1
21339,1
12483,0
2936,1
16695,0
35839,1
7037,0
37834,0
17064,0
2997,0
9088,0
15400,0
35857,1
20251,0
2131,0
13625,0
14455,1
29908,1
33000,0
31373,0
18255,1
11943,1
4624,0
30590,0
36230,0
38861,0
28842,0
23367,0
20001,0
28987,1
27669,1
3723,0
28152,1
37453,0
17356,1
25729,1
14138,1
28414,0
11655,0
25644,0
12795,1
21879,0
6038,1
26451,0
23219,1
22795,0
14480,0
7995,0
1891,1
22067,1
157,0
35245,1
39004,0
27334,1
8505,0
11894,0
15749,0
6060,0
15894,1
22758,0
16600,0
28669,0
12046,0
7273,1
16212,0
33948,1
19613,0
2776,1
10025,1
27388,0
11136,1
21722,0
30431,0
3241,1
16010,1
24908,0
30000,1
7032,1
14842,1
174,1
33268,0
38411,0
20045,1
34550,0
6094,1
32574,1
15206,0
31366,0
38989,1
701,1
14166,0
37517,0
32650,1
36233,0
4514,1
16378,0
37442,0
29046,1
38795,1
32854,0
123,1
28145,1
19738,0
4223,0
14321,0
5,0
19555,1
20923,0
32339,1
35633,1
7145,1
21992,1
20813,0
580,1
8998,0
9471,0
20966,1
9289,0
2838,0
23946,0
23104,1
21756,1
29305,0
8423,0
33289,1
14191,1
3379,1
4338,0
33051,1
25481,1
18404,0
2291,1
32878,0
38657,1
10466,1
11557,1
6150,1
29174,1
38785,0
4201,1
7406,0
1287,1
1513,0
30944,0
23405,0
8402,0
23427,1
12340,0
35473,0
33594,1
30488,0
23499,1
28060,1
31453,0
14514,1
6210,0
5879,0
25033,0
38644,1
8424,0
2499,0
34793,1
30851,0
24447,1
38744,0
7463,1
15960,0
12356,0
31455,0
16444,0
38854,0
37219,0
37119,1
29462,1
6173,1
30780,1
16404,0
38080,0
2675,0
11487,1
33297,1
37697,1
11582,1
10088,0
32360,1
21362,0
2736,0
3605,1
9659,0
14767,1
2406,0
12706,0
25974,1
13539,0
6286,0
3019,1
15045,1
16271,0
14314,1
5167,0
18839,0
12473,0
12040,1
24753,1
12086,0
11699,0
30342,0
25170,0
23760,1
5829,0
38375,0
6782,1
5794,0
7679,0
30117,1
5905,1
30310,1
30438,0
11804,0
20970,0
37221,1
23360,1
28668,0
15112,0
7824,1
30477,1
32532,0
19904,1
12267,0
17529,0
21645,0
33597,1
2225,1
14128,1
1876,0
36440,1
6206,0
24402,0
12183,0
29986,1
4441,0
14598,1
32968,0
26060,1
19553,1
38157,0
6252,0
12554,0
24661,0
26315,1
26691,1
23254,0
26470,1
8899,1
13489,0
12186,0
14546,0
35047,0
33259,0
2836,0
29843,1
23140,1
2645,0
19062,0
25529,0
30858,0
18664,1
19892,1
28746,0
136,0
19008,0
20744,1
18592,1
34066,1
10462,0
20113,0
11206,0
30370,1
38737,0
16828,1
5487,1
19132,1
283,1
9824,0
32459,1
19122,0
20714,0
11001,1
25829,0
8040,0
30577,1
3947,1
4456,1
19598,0
5271,0
35821,1
38675,1
19649,0
2041,0
28285,0
23011,0
27011,0
3492,0
7714,1
38209,1
23755,0
35064,0
39176,1
865,0
29386,1
25810,0
37734,0
14494,0
13100,0
22630,0
1282,1
31196,1
23080,0
31143,1
29828,0
27391,1
1098,0
29076,1
22726,0
28768,0
7699,0
36032,0
3624,0
10824,1
12849,0
37435,1
1096,1
13174,0
11229,1
33607,0
38174,1
35776,0
12930,1
32391,0
31168,0
23537,1
18760,0
3132,1
27531,0
1222,0
16864,1
4384,0
16579,1
19687,1
5097,0
21909,0
22177,0
9964,1
7517,0
32815,1
22429,1
9505,1
13833,0
34312,0
3737,1
27469,1
6063,1
36301,1
36149,0
29475,0
37776,0
12821,0
35525,1
3929,1
27751,0
33181,0
30983,0
27069,0
24821,0
38623,1
16614,0
27168,1
1636,0
33687,1
3831,0
39238,1
35147,1
29796,1
23604,1
21089,0
10635,0
6435,1
15987,0
11532,1
3220,0
32240,0
25449,1
36183,1
17757,1
3481,1
11665,1
9191,0
10093,1
19475,1
14033,0
22254,0
29119,1
16060,1
19149,0
35124,0
31072,1
1751,0
35210,0
2543,1
10202,1
38401,1
22623,1
1836,0
6185,0
25081,0
25472,0
23372,0
4115,0
23912,0
24259,1
19161,1
1330,1
13598,0
22052,1
28206,1
38158,0
18471,1
16226,0
1920,1
24383,0
30039,0
18677,1
13130,0
28394,1
2033,0
17769,1
34085,1
9955,1
12294,1
21274,1
29699,1
436,1
26274,1
2283,1
18467,0
26295,1
29971,1
9969,0
38551,1
7830,1
1540,0
34325,1
33345,1
37380,0
29398,1
33373,0
31932,0
13067,1
34071,1
23149,1
30541,1
38765,0
14105,1
13201,0
5988,0
5729,0
14974,0
1616,1
29156,0
1034,0
9707,1
5824,1
16966,1
33493,1
38834,1
14802,1
3159,1
727,1
29097,1
13147,0
24618,1
21972,1
7608,0
29725,1
5021,1
14837,1
32064,1
9351,1
37729,0
10394,0
13191,1
22081,0
33221,1
16452,1
22708,1
3015,1
38504,0
3514,1
38172,1
18589,1
27671,0
7814,1
25390,1
10698,0
14372,1
35226,1
12273,1
31499,0
16918,1
5924,0
2570,1
1994,1
361,0
8009,0
30219,1
18318,0
12477,1
35872,1
35065,1
18946,0
37958,0
14032,1
13415,0
32430,1
10769,1
4284,0
24905,1
38340,0
35224,0
31063,1
34787,1
23084,0
37937,1
19306,0
20515,0
16278,1
25581,1
11222,0
33236,0
10868,1
37138,1
1514,1
10986,1
33246,0
804,0
26967,0
16241,1
20318,1
14601,1
35300,1
24789,1
31280,1
4315,1
37419,1
13674,0
499,1
9276,1
37311,1
1312,1
21463,1
1121,1
24599,1
9868,0
29349,1
3927,1
15783,1
13461,1
7585,1
20471,0
7485,1
8931,1
5232,1
7168,0
35616,1
34680,1
36177,1
6900,1
16891,1
37292,1
38448,1
10529,0
35178,1
8217,1
12551,0
25843,1
9631,1
25807,1
16080,1
20140,1
21904,1
4111,1
19571,1
33151,1
2518,0
5845,1
26503,0
22406,0
540,0
21957,1
3913,1
37243,0
19599,1
31613,1
30825,1
28892,1
23202,1
22874,0
12166,1
29763,1
9901,1
14350,0
24713,1
24801,1
6507,1
7839,0
15666,1
8675,1
38123,1
10142,1
9188,0
25615,1
17713,0
10810,1
14615,0
13381,1
11403,1
10521,1
25785,1
31171,1
25809,1
6823,1
19408,1
35009,1
6791,0
13658,0
38655,1
33376,1
28807,1
29310,0
26070,0
25880,1
26108,0
19911,1
14471,1
6523,1
26159,1
38880,1
10019,0
15438,1
30381,1
2754,1
37404,1
13540,0
36641,0
30563,0
35302,0
38034,1
3042,1
11765,1
38870,0
24115,1
6384,1
22644,1
22680,0
19193,1
23459,1
16459,1
11128,1
36153,1
9950,1
3819,1
26535,1
38933,1
27526,1
23659,0
25260,1
24868,1
14160,1
14687,1
37309,0
38342,1
35035,1
26765,1
15933,1
29347,1
35091,0
38924,1
24668,1
15972,1
1186,0
20032,0
33782,1
36457,0
12311,1
25268,1
8065,0
19358,1
29299,1
9265,1
23952,1
18119,1
25221,1
20188,0
4512,1
36966,0
21254,0
26613,0
7624,1
20367,1
20625,1
38751,1
28114,0
20249,1
4778,0
37216,1
33931,1
17832,0
6012,1
18284,1
31757,1
3046,1
8590,1
7518,0
12563,1
38324,0
12471,1
29057,0
33866,0
27245,1
7659,1
3567,1
23176,1
3519,1
15154,1
27908,1
494,1
1705,1
23215,1
36092,1
3367,0
7344,1
4427,0
11239,0
30326,0
37576,1
5038,0
13320,1
26702,1
7700,0
30781,1
6936,1
17825,1
36520,1
315,0
14387,1
2580,1
8974,1
29686,1
9797,1
18761,1
30445,1
33692,0
9488,1
36430,0
5852,1
32234,0
20557,1
18996,1
2800,1
7088,0
4520,1
22176,0
24020,0
33032,0
32536,1
4209,1
16616,1
4982,0
34010,0
31883,1
29372,0
32773,0
10547,0
1218,0
3602,0
20235,0
15675,1
24119,1
3233,1
17723,1
36260,1
23110,1
21838,1
38119,1
30275,0
4812,1
7671,0
39233,1
10490,1
10814,0
39034,1
1295,1
7915,0
39062,1
10023,1
14630,0
8164,1
22479,0
36837,0
5241,1
16251,0
23063,1
3840,1
27785,0
13466,1
11112,1
11058,1
38368,1
9688,1
14976,1
3529,0
486,1
32498,0
30964,0
28221,0
13581,1
21679,0
31036,0
3222,0
25107,1
29275,1
25553,1
16733,1
1377,1
29817,0
22422,0
29357,0
17844,0
20815,0
25484,1
37685,1
548,1
38914,0
2919,1
19537,1
7023,0
25521,1
31833,1
29709,1
6785,1
8704,1
25217,0
9036,1
38873,1
16857,1
32147,1
4993,1
25352,1
10396,0
15504,1
8756,0
8715,1
12030,1
36261,1
31737,1
25709,1
36724,0
19516,0
15483,0
3597,0
36396,0
6718,0
24557,1
4341,0
24845,1
33517,1
19789,1
27629,1
824,1
22581,1
24114,1
30842,0
23008,1
10924,1
1270,0
5771,1
1164,1
8101,1
5873,1
24856,0
27167,1
30536,1
4827,1
33168,1
14734,1
7563,0
10149,1
31683,1
792,0
24287,1
28812,0
13919,1
30962,1
37482,1
37382,1
4928,1
36101,1
16760,1
30925,1
21664,0
32983,1
14628,1
249,1
29287,0
4092,0
9728,0
9541,1
18116,0
21871,1
24204,0
23825,1
21165,1
10866,1
11158,1
25493,0
7715,0
25008,1
1094,0
173,1
13027,0
8853,0
29865,0
6147,1
8056,0
13634,1
20918,0
1241,1
27501,0
16352,1
24083,1
6910,1
26156,1
2265,1
4318,1
26805,0
20077,0
14638,1
37748,1
31042,1
8696,1
867,1
14840,0
36595,1
37626,0
1902,1
28699,0
33854,1
27796,1
13223,1
28018,0
34158,1
24534,0
22529,1
21343,1
6396,0
19393,1
12020,0
9017,1
16886,1
25958,1
307,0
10254,1
29350,1
13824,1
23031,0
12919,1
32622,0
22611,0
99,1
12456,1
31520,1
30543,0
37424,0
31495,1
8263,1
11336,1
33549,0
482,1
36073,1
797,1
8701,1
144,1
642,1
36253,1
5425,0
35690,1
20230,0
18282,1
29253,1
703,0
31561,1
37554,1
4386,0
16360,1
26792,1
27554,1
17476,1
31735,1
32124,1
21393,1
11597,1
3412,0
36963,1
32862,1
256,1
13543,1
22767,1
34646,1
15943,0
7817,1
2421,0
21179,0
28124,1
23851,1
5096,1
25001,1
31114,1
30388,1
36054,1
33913,1
23933,1
31963,1
13639,1
28111,1
35030,1
20957,0
11376,1
3539,1
578,1
34996,1
5015,0
19870,0
10909,0
14936,1
38719,1
17871,1
34214,1
4015,1
6568,1
9737,1
17289,0
25404,0
32242,0
10546,1
36832,0
19856,1
37139,1
12080,0
16741,1
32267,0
33663,1
23461,1
14075,1
27215,1
7956,1
4949,0
19978,0
6657,1
27329,1
37965,0
14344,1
5780,1
23519,1
21127,0
2136,1
15086,0
16975,0
20527,1
28717,1
6056,1
23151,0
16674,1
30016,1
26302,1
37691,0
30987,0
26157,1
5150,1
12714,1
1137,0
18481,1
12641,1
3749,1
22757,1
16530,1
1118,1
2220,1
12201,1
8279,0
23001,1
39019,0
11613,1
32184,1
32595,0
39231,1
23698,1
111,0
8185,1
19819,0
18227,0
13345,0
7944,1
35563,0
29468,0
20132,1
7106,1
36133,1
1660,1
4406,1
9825,1
34374,0
27233,1
35292,0
19275,1
39110,1
6696,1
30141,1
16054,0
30128,1
23672,1
33762,1
24177,1
31572,0
1105,0
27044,1
36314,1
38271,0
12708,1
27238,1
35370,1
24298,1
30877,1
185,1
3382,1
30666,1
11025,1
31436,1
34708,1
34392,0
35378,1
6471,0
22969,1
20838,1
9636,1
25487,1
24523,1
24540,1
26009,1
24574,0
3918,1
24581,0
25362,1
25319,1
29702,1
36096,1
35578,0
37645,1
13161,1
2720,1
26941,0
30624,1
32454,1
21011,1
15628,1
29096,1
14818,1
32904,1
29060,1
15068,0
18808,1
32348,1
25282,1
24432,1
19461,1
23436,1
6738,1
35357,1
5505,0
7577,1
35088,1
2802,0
35164,0
26891,0
30347,1
16362,1
18775,1
18001,1
31964,1
10493,1
25806,1
5381,1
1941,1
18593,1
7258,0
29312,0
3679,0
28546,1
6146,0
8795,1
21659,1
5068,1
37536,1
38888,1
32892,1
35365,1
12682,1
24211,1
89,0
10863,1
26288,0
38849,1
21243,1
29627,1
10284,1
7368,1
4605,0
2716,1
30276,0
38897,0
10051,1
31730,1
18932,1
22122,1
31173,1
37895,1
26719,0
35333,1
21925,1
21516,0
26837,1
4847,1
3224,1
12324,1
5304,1
3446,0
8498,1
34742,1
16084,0
9159,0
5839,0
38649,1
36490,0
10194,1
18869,1
1444,1
3253,1
147,1
37194,1
13820,1
34329,1
25546,1
26306,0
18082,0
15809,1
14701,1
10643,0
9985,1
18012,1
9285,0
10166,1
33189,1
33314,1
25865,1
33076,0
31294,1
9599,1
37127,1
31139,1
37005,1
23502,0
1284,1
20085,1
32032,1
34962,1
28026,0
32791,1
38940,1
6087,0
30313,1
13585,1
7277,1
16484,1
8347,0
16634,0
37035,0
10049,1
30138,1
17743,0
28884,1
7020,0
6890,0
6366,0
6920,1
30017,1
11658,0
18236,0
29687,0
19265,1
36996,0
27684,1
28027,0
34024,1
3885,1
18614,0
765,1
13973,1
10489,1
16264,1
21886,0
14359,1
36810,1
32860,1
18357,1
38318,1
15294,0
8047,0
21426,0
2390,1
14899,1
9072,0
29706,1
15165,0
36439,0
8657,1
19426,1
24528,0
18470,1
10346,1
20149,1
19469,1
26340,0
17161,1
650,1
872,0
27065,1
3921,1
30264,0
36889,1
5532,1
19568,1
19691,0
4874,0
15337,1
36432,1
3844,0
3704,1
23921,1
29167,0
29322,1
31791,0
21508,0
9551,1
32136,1
17308,1
4751,1
19585,0
26436,1
25715,1
2245,0
22336,0
6864,0
10773,1
35059,0
16649,1
6089,1
25613,1
8096,0
25243,1
32767,1
7897,1
9263,1
31756,1
5616,0
32804,0
24313,0
12463,1
30843,1
13659,0
38586,1
32771,1
4602,1
21074,1
8516,0
22077,1
16380,1
38500,1
35293,1
18093,0
4494,1
7229,1
37026,0
4807,1
38377,1
1665,1
18204,0
13319,1
16230,1
12136,1
1581,1
33414,0
38259,1
5778,1
32802,1
11315,0
6999,0
16306,1
22496,1
19994,1
668,1
7787,1
16773,1
16302,1
27776,1
32444,1
24750,0
37426,1
16312,1
28375,1
18354,0
8532,0
38424,0
23444,1
25327,1
2873,0
6699,1
7424,0
17760,0
28839,1
2724,0
22242,1
29410,1
25796,0
23246,1
32527,0
26271,1
17829,1
38450,0
15988,1
2637,0
11950,1
33447,1
5705,1
35455,0
13976,0
18109,1
35559,0
7885,1
2849,1
4069,1
31411,1
39186,1
13185,1
36537,1
16549,1
20212,1
20254,1
22441,1
34865,1
23634,1
27980,0
22359,0
27512,1
35681,0
7643,0
10102,1
37065,0
11143,1
35975,1
17904,0
16826,1
1197,1
9703,1
14641,1
15583,1
37837,0
1683,1
5005,1
28191,1
32668,0
13686,1
37146,1
21913,1
37661,1
18601,1
21093,1
5161,1
23823,1
18175,0
13420,1
22637,0
12775,1
19063,1
7103,1
9163,0
8005,1
2958,1
18495,0
14006,1
14003,0
17116,1
35204,0
6255,1
26441,1
16564,1
4457,0
27745,0
6923,1
18002,1
34310,1
15513,0
612,1
26023,1
22234,1
26363,1
20996,0
16889,1
28713,1
36826,1
8374,1
5211,0
18559,1
33312,0
11542,1
20908,0
12399,0
31374,1
37456,1
4296,0
14169,1
11320,1
21174,1
14284,1
8340,1
33536,0
16782,1
2824,0
38925,1
31868,1
31083,1
12478,1
38938,1
1464,0
27247,1
22604,1
8992,1
1462,1
5678,1
33260,1
25881,0
16657,1
34794,1
14107,0
9870,0
27513,0
15480,1
7469,1
24078,0
22684,0
35930,1
27640,1
26466,0
37677,1
30191,1
15160,1
16340,1
15744,1
11004,1
16256,0
8885,1
17145,1
21602,1
32599,1
24652,1
18865,0
16460,1
10624,1
26593,1
14846,1
38997,0
22333,1
33233,0
32894,1
31739,0
3537,0
30099,1
35201,0
10745,1
4901,0
24835,0
6272,1
11114,1
39006,1
22295,0
5758,1
37906,1
36219,0
20102,1
13474,1
38798,1
28887,1
14022,0
25307,1
37812,1
12134,1
10707,1
6515,1
38136,1
23581,0
828,0
30345,1
9763,1
25910,1
9662,1
15436,1
26525,0
20409,0
4433,1
7265,1
36605,1
19294,1
2962,0
29510,1
30931,0
6619,1
13942,1
29698,1
29298,1
30583,1
12898,0
20428,0
27018,0
28466,0
7927,1
34673,1
14827,1
1396,1
33227,0
33895,0
3349,1
37986,1
1310,1
33630,1
2378,1
6749,1
5450,1
8936,1
5071,0
15863,0
4452,1
31625,0
29135,1
24546,1
37757,1
20243,1
17730,1
10182,1
2358,1
19159,1
8582,0
15736,0
8499,1
8852,1
35496,1
10999,0
5229,1
35182,1
32012,0
2749,0
21351,1
9777,1
15641,0
25530,1
4766,1
912,0
23218,1
22593,0
31250,1
32753,0
3663,1
30465,0
35818,0
34512,1
31711,1
35139,1
37472,1
36094,1
31971,1
10672,1
15461,1
21691,0
31553,0
32976,1
7092,0
14807,1
38532,0
34193,1
7490,0
27050,1
27876,1
9794,1
3422,1
7043,1
29528,1
15456,0
28864,1
8976,0
31002,1
14702,1
8057,1
31315,0
27433,0
8299,0
21097,1
16149,0
4378,0
14298,0
18291,1
39165,0
27,0
19128,1
27821,1
16192,0
2569,0
7066,1
1189,0
8444,1
3627,1
1425,1
16608,0
25620,1
17274,1
39067,1
13480,0
34224,1
4756,0
30221,1
10499,1
19633,0
33770,1
12796,1
18418,0
26325,1
17746,1
15418,1
29026,1
5066,0
30986,1
5806,1
10045,0
4287,0
21046,1
10383,1
27209,0
12173,1
18520,1
30241,1
16486,1
12783,0
32176,1
5135,1
20865,0
1874,0
35431,1
18112,1
3871,0
10781,0
30421,1
22070,1
19368,1
10183,0
19672,0
27177,1
14085,1
20894,0
13138,1
20849,1
27494,0
18778,1
10530,1
4608,0
5983,1
20298,1
28275,1
11534,1
25557,1
34053,0
24704,1
8368,1
7853,1
26136,1
13495,1
32122,1
7107,1
16534,0
6926,0
16470,1
14731,0
5633,1
10512,0
34986,0
9430,1
35450,0
23298,0
16496,1
33417,1
11399,1
9442,0
34916,1
20413,0
3105,1
29102,0
33013,0
16397,1
37452,1
16805,1
27779,1
33184,1
13382,1
3914,1
34652,1
6339,0
798,1
15920,1
24256,1
1252,1
17943,1
7572,0
27286,0
22509,1
30259,1
8862,1
26413,0
26267,1
32825,1
27225,1
35010,1
20939,0
164,0
16981,1
32462,1
20764,1
31500,0
35882,1
2979,1
23392,1
22912,0
27963,1
23603,0
5345,1
7349,1
7274,1
37987,0
30860,1
15907,1
23951,0
24952,1
20706,1
23767,0
16434,1
25602,1
11781,1
30300,0
20048,1
25470,1
19612,0
19170,1
36642,1
31655,1
11307,1
6139,1
11853,0
18387,0
15325,0
28373,0
37301,1
535,0
6104,1
12954,1
2707,1
18524,1
21761,1
8612,1
9081,0
11918,1
4037,1
14244,0
4189,1
20596,0
7192,1
34232,1
36386,1
18743,0
8055,1
2064,1
21441,0
22640,1
39057,1
17407,0
3427,1
36924,0
12565,1
15545,1
3800,1
18961,1
4747,1
23123,0
31508,1
27789,0
20098,1
14933,1
21647,1
11949,0
34364,1
13846,0
17215,0
12131,1
24169,1
36287,0
6685,0
29007,0
28396,1
6488,0
25122,0
10163,0
10854,0
27075,1
22649,1
36557,1
2264,1
1927,1
10797,1
24471,1
22385,0
306,1
26423,1
25334,1
33755,0
28924,0
5164,1
23551,1
39050,1
34131,1
12306,0
18666,1
39053,0
21411,1
38988,0
19641,0
9643,1
24951,1
21363,1
18985,1
5386,1
21895,0
24880,1
24310,0
37731,1
23335,1
29925,1
19165,1
37821,1
27214,0
7704,1
34076,1
1351,0
10623,0
36475,1
31948,1
31484,1
15925,1
30482,0
11495,1
35335,1
12683,0
3044,1
18499,1
14146,1
4222,1
10116,1
5383,1
31277,1
8883,1
6664,1
31945,1
8212,1
29651,0
38838,0
31707,1
32175,0
30368,1
36099,0
28188,1
31213,1
24362,1
1359,1
36717,1
14508,1
820,0
1670,0
4916,0
16954,1
34157,0
7479,0
19360,1
17410,1
15522,1
20402,0
30732,1
8972,1
17083,1
28992,1
2186,1
27387,1
36851,1
31910,1
4413,1
22428,0
16371,1
8605,1
18888,1
21323,1
7139,1
9702,0
2276,1
6345,1
25634,0
29248,0
30461,1
20976,1
24662,0
14613,1
33902,1
37208,1
22557,0
27735,1
32530,1
12496,0
33953,0
22092,0
8371,0
11786,0
36343,1
11815,1
15163,1
32853,1
23353,1
27811,0
20469,1
4612,0
31386,1
32905,1
13754,0
12253,1
193,0
38438,1
5107,0
19395,1
32409,1
12053,1
37250,1
15011,0
13522,1
11270,0
15569,1
37741,0
19087,0
17033,1
32254,1
13479,1
12764,0
4309,1
34771,1
8858,1
21640,0
30864,1
28703,1
37289,1
25353,1
1376,0
27924,0
24326,0
19045,1
2197,1
31546,0
30382,1
22754,0
13557,1
13618,0
14111,0
32424,1
4106,0
1102,1
19403,0
29502,0
16670,1
27663,0
29842,0
9261,1
3790,1
38341,0
24857,1
20834,1
21201,1
35676,1
25740,1
15121,0
5756,1
36192,1
3959,1
7185,1
11515,1
27051,1
35032,1
23095,1
21498,0
20209,0
26244,1
36449,1
16206,0
30031,0
34761,0
37612,1
19559,0
16320,1
29916,1
11616,0
26278,1
34417,1
11645,1
32013,1
11975,0
20238,1
23352,1
21674,1
30531,0
27549,0
7669,0
25893,0
23596,1
13328,1
19057,0
5740,1
31222,1
27001,0
23857,1
7862,0
5431,0
12838,0
4236,1
36985,0
10365,0
36901,0
32366,0
21481,0
32552,0
38141,1
9799,1
19977,0
8393,1
26300,1
23876,1
959,1
3977,1
23784,0
34647,1
19909,0
28389,1
22066,1
33559,1
8163,1
16903,1
23914,0
4831,0
24051,1
25153,1
5736,0
13804,1
8847,1
25666,0
39299,1
36150,1
19075,1
28136,1
35295,0
19498,1
38582,1
8610,1
15094,1
25125,0
29473,1
11436,1
9322,1
25132,1
7087,1
15148,1
12661,1
36729,1
33669,1
33253,0
11126,0
5481,1
20022,1
3071,0
22524,1
3484,1
13412,1
17663,1
29213,0
29394,1
27936,1
20379,1
26994,1
10075,1
16779,0
29629,1
31540,0
25982,1
14740,0
37643,1
25781,1
12290,1
7236,0
21365,0
13464,0
22346,1
27916,1
17095,1
23334,0
13840,0
21392,1
19024,0
34117,0
6223,0
22046,1
4484,1
2649,0
26686,1
11725,1
7500,1
2762,1
6979,1
6556,1
25058,1
18963,0
26446,1
35001,1
25541,1
287,1
35649,0
6303,1
3994,0
18209,1
38464,1
13741,1
28701,1
37818,1
22360,0
13244,0
12447,1
8342,0
4711,0
25606,1
19355,1
23769,1
36930,1
33277,1
24172,1
7653,0
11102,1
37618,1
7127,1
34270,1
22378,1
36470,0
1693,0
7530,1
21945,1
15915,1
9195,1
31620,0
11961,0
33039,0
22990,1
22083,1
35615,1
22293,1
8121,1
17125,1
5717,0
6836,1
30620,1
4039,0
35844,0
23787,1
25276,0
33576,1
24464,1
13154,0
26263,1
30701,0
38106,0
8745,1
17884,0
21948,1
2621,0
8886,1
20505,0
2382,1
3863,0
11593,1
34169,0
30969,1
13868,0
3175,1
14193,0
36939,1
5812,0
14458,1
25488,1
31416,0
16423,1
23747,1
21732,1
2780,1
26906,0
547,1
4732,1
15371,0
30378,1
38990,1
10186,1
3471,1
38606,0
11446,1
34979,1
7382,0
17690,0
12534,1
6691,1
23812,1
25986,0
21763,0
24828,0
12619,1
554,1
38700,1
15857,1
28426,1
17782,1
4971,0
1250,0
32938,1
11842,0
13184,1
25534,0
15009,0
3172,1
10230,1
29784,1
2295,0
36266,1
21680,1
12472,1
8092,0
5018,1
26768,1
36888,1
2352,0
28845,1
25366,0
21454,0
28937,0
37690,0
25047,1
4992,1
39036,1
37237,0
22918,1
34233,1
15019,1
871,1
3389,0
11285,1
9306,0
5885,1
29019,1
2184,0
22181,1
30509,0
4655,1
8764,1
834,1
31427,1
8928,1
31452,0
7449,1
36824,1
8063,0
12520,1
771,1
31593,0
28802,1
8519,0
13649,0
31698,1
31007,1
23949,1
11594,1
12408,1
19299,1
33309,0
35823,0
31925,0
12119,1
29786,1
497,1
11546,1
31796,1
8875,0
37002,1
17402,1
17430,1
32027,0
33920,1
24757,1
4215,1
34553,1
3323,1
12536,1
3102,1
18675,1
30176,1
30228,1
32982,1
4686,1
35590,1
21514,0
9255,1
9696,1
33598,1
16223,1
30044,0
38653,1
27905,1
1395,1
11149,1
29224,1
8166,1
23021,0
17481,1
20343,0
7502,1
4967,1
28194,0
37145,1
38858,1
38052,1
38214,1
32765,1
10982,1
330,0
38818,1
15157,1
4811,0
18661,1
14600,1
38721,1
28155,1
11905,1
12604,0
30920,1
16841,0
35679,1
37190,1
15802,0
18934,1
10872,0
21452,1
35339,0
13081,0
12174,0
35541,1
11754,1
5011,1
12102,0
3978,1
4952,1
24195,1
3970,1
25876,0
3063,0
21723,1
6668,1
36667,1
26425,1
11090,1
21509,0
14262,1
30979,1
37242,1
13695,0
25510,1
1720,1
10056,1
37544,0
3067,0
22589,0
24655,0
22673,1
38115,1
15839,0
35929,1
16091,1
21052,1
19101,1
24023,1
31152,1
32942,1
21646,1
37169,1
9247,1
7666,1
13690,0
22148,1
29668,0
12857,1
8782,1
33803,1
20381,1
9929,1
22289,1
33355,1
35216,1
20138,1
34879,1
28983,1
15843,1
16838,1
27954,1
6277,1
14316,1
14935,1
4932,0
20759,0
31446,1
10615,1
35177,1
1685,0
30006,1
20457,1
26791,1
10358,1
14665,1
18080,1
27007,0
36541,0
35134,1
8718,1
5664,0
17399,1
1480,1
8172,0
33561,1
17856,1
29466,1
22140,0
34465,1
23661,1
3339,1
37991,0
20763,1
7889,1
8777,1
12041,1
15331,1
39258,0
30505,0
29471,1
11880,1
35446,1
17309,1
28116,1
30036,1
23714,1
1997,1
7083,1
9387,1
10679,1
31320,1
14998,0
50,1
22426,1
17307,1
29234,1
28798,1
17993,0
33605,0
608,0
16066,1
24277,1
39086,0
25430,1
32941,1
30396,1
17540,0
17121,1
36794,0
20658,1
23278,0
28935,1
35693,0
12107,0
7177,0
24705,1
26321,1
1849,1
28805,1
19901,1
19107,0
18177,0
13306,0
33509,1
9119,1
28835,1
24877,1
25415,0
2717,1
38846,0
3195,1
28909,0
38121,1
15149,1
18861,1
10035,1
24095,1
27747,0
34830,1
7332,0
8930,1
28173,0
11577,0
24072,1
20388,1
8821,0
36875,1
25356,1
12987,1
12788,1
1233,1
19025,1
8265,0
28347,1
4526,0
38961,1
14249,1
11148,0
32985,0
3786,1
16370,1
6130,0
7209,1
34912,1
7547,1
17300,1
16905,1
1877,1
21060,1
29748,0
14747,1
19069,0
6902,1
24462,1
19914,1
9205,1
6503,0
18691,1
5168,1
12284,1
6552,1
35238,1
30924,0
7768,1
13946,0
22576,0
18224,1
32289,1
17047,1
30329,1
28587,0
37212,1
13726,1
16800,0
5407,1
11235,1
10279,1
30223,0
1539,1
27971,0
2980,1
32992,1
13140,1
31603,1
18510,0
10390,0
31596,0
12038,0
15494,1
23938,1
28010,0
15990,0
12990,1
20731,1
13883,1
22884,1
7263,1
32666,1
4671,0
34306,0
34989,1
19576,1
11010,1
38257,0
17250,1
7663,0
15327,0
32228,1
9378,0
1314,1
4934,1
15312,1
28075,0
30932,1
22739,1
7899,0
13517,1
24335,1
22095,0
10795,1
33167,1
35507,0
9563,1
33947,0
24435,1
17460,0
16281,1
32296,1
16011,0
4468,1
15083,1
25200,1
1286,1
6644,0
32340,1
19971,0
9422,1
13031,1
15501,1
13273,1
15230,1
24488,1
33150,1
13550,1
8765,0
5291,1
1058,1
10715,0
10296,1
5571,1
6624,1
12980,1
26101,1
5473,1
14851,1
38028,1
3777,1
36465,1
22881,1
20119,1
31470,0
24736,1
27336,1
36708,0
11617,1
24003,1
32549,1
34033,1
36887,1
14510,1
19607,1
1389,1
17980,1
7330,1
29664,0
37227,1
2964,1
26374,1
16167,1
18253,0
3045,1
12654,1
25835,1
26226,1
14655,0
20776,0
24130,1
34025,1
14200,1
32412,1
22616,1
15439,1
34778,1
3720,1
3657,0
17203,1
29358,1
22212,1
15109,1
7135,0
29313,1
30652,1
32690,1
18792,1
15462,1
7772,0
26264,1
23170,1
24290,1
33818,1
28499,1
35386,0
15550,1
28454,0
17868,1
10295,1
20493,1
20698,1
33688,1
30961,1
16583,1
2931,1
7794,0
29189,0
16481,1
33928,1
34342,1
28355,1
33231,1
23557,1
3635,1
5549,1
9742,1
5295,0
38226,1
18477,0
32288,1
8035,1
23520,0
8068,1
26908,1
34070,1
7499,1
7929,1
1935,1
9604,1
492,1
874,1
4541,0
8282,1
3880,1
4127,1
12768,0
12364,1
32818,1
23076,1
31648,1
3386,1
21669,1
36328,1
31634,1
36416,1
16175,1
22861,1
14232,1
2324,1
18288,0
2774,1
4385,1
18563,1
8832,0
12325,1
38613,1
17287,1
29911,1
30974,1
15679,0
2165,1
1073,1
38820,1
18230,1
11669,1
25286,0
18998,1
23410,1
29371,1
3310,1
7774,1
30787,0
20648,1
37020,1
16145,1
28125,1
2593,1
30444,1
8894,1
28390,1
23856,0
15593,1
438,1
1214,0
4748,1
850,1
21438,0
21312,1
23817,1
16899,1
20410,0
21255,1
28889,1
255,1
5761,0
7369,1
25784,1
10215,1
21462,1
36459,1
27941,0
34367,1
32760,1
12621,1
27062,1
6347,1
19236,1
38853,1
7041,1
3190,1
26980,1
2513,1
18129,1
12588,1
8436,0
33241,1
38488,1
38507,1
38855,1
32969,1
35716,1
3180,1
14067,1
36235,1
11391,1
112,1
14739,0
32906,1
14895,1
15453,1
30542,1
818,1
34866,1
20357,1
21899,1
36385,0
13360,0
29961,1
6383,1
38567,1
31401,0
22847,1
2501,1
35809,1
15511,1
28009,1
3517,1
24429,1
37756,1
23626,0
18363,1
18854,1
37241,1
21814,1
25946,1
29628,1
36026,1
13093,1
17563,1
10317,0
23590,1
18595,1
11051,1
5636,0
19887,1
11059,1
34919,1
1104,1
18602,1
14925,1
282,1
1202,1
34264,1
30089,0
11370,0
26081,1
3314,1
16584,1
431,1
18278,1
14726,1
11752,1
7475,1
12394,1
17193,1
22463,1
32285,1
13167,1
30357,1
14334,1
33778,1
8694,1
22917,1
34918,1
35114,1
21778,1
15346,1
8537,1
33515,1
8074,1
720,1
10629,1
17454,1
16904,1
31959,1
11466,1
8786,0
37214,1
22400,1
3425,0
24286,1
9257,1
24419,1
27662,1
37903,1
34966,1
30910,1
23986,1
24694,1
24076,1
36536,1
5653,1
19131,1
7118,1
36860,1
11931,1
17135,1
8812,0
27626,1
14239,1
32506,1
33198,1
14926,1
18513,1
36989,1
17478,1
7677,1
12223,1
584,1
13956,1
1972,1
16521,1
24245,1
2346,1
22419,0
26936,1
16755,1
1328,1
12752,1
21983,1
4850,1
32103,1
20723,1
34038,1
28871,1
17187,1
35977,1
7251,1
35289,1
14657,1
7605,1
19228,1
2082,1
6455,1
3541,1
3317,1
6003,0
15006,1
18324,1
5903,1
15103,0
11365,0
38512,1
14609,1
17094,1
6215,1
1195,1
10324,1
8462,1
7271,0
36310,1
3893,1
35555,1
17376,1
31806,1
1590,1
27527,1
35421,1
5744,1
5363,1
18683,1
15535,1
13652,1
1532,1
7460,1
25242,1
30279,1
33945,1
31909,1
35331,1
15847,1
39309,0
1957,1
19402,1
12839,1
24849,0
7450,1
6922,1
19207,1
4324,1
21576,0
36371,1
26038,0
34688,1
37928,1
34930,1
18333,0
28870,1
34370,1
30867,1
10708,1
34533,0
22983,1
1116,1
23260,1
25388,1
27973,1
37768,1
20778,1
7569,1
5065,1
9526,1
3715,1
19721,1
24672,1
31953,0
15895,1
21167,1
3721,1
7394,1
8459,1
17670,1
14273,1
36699,0
21734,1
28020,1
18310,1
21333,0
1467,1
19137,1
29772,1
32788,0
16347,1
8640,1
19273,1
5448,1
3309,1
33210,1
4076,1
23485,1
1491,1
30667,0
35392,1
9222,1
2229,1
11482,1
3869,1
30922,1
20753,1
31356,1
3982,1
26212,1
38562,0
36411,1
15825,1
16622,0
1051,1
31133,1
24469,1
25297,0
14125,1
17276,1
22310,1
17175,1
17539,1
27961,1
37909,1
9863,1
2323,1
31635,1
30278,1
1265,1
8983,1
34514,0
33200,0
37635,1
4673,1
35651,1
12873,1
18902,1
11349,1
1678,1
7434,1
2974,1
25699,1
24202,1
14163,1
22078,1
3378,1
9372,0
36281,1
25018,1
39253,0
21991,1
14212,1
23205,1
32403,1
33507,1
26506,1
21287,1
14538,1
6883,1
14234,1
30591,1
25009,1
14137,1
33448,1
16392,1
5063,1
35315,1
15770,1
14144,1
20833,0
32817,1
36997,1
6064,1
19605,0
5714,1
30454,1
16607,1
11992,0
36771,1
29003,1
19158,1
15680,1
1135,1
33925,0
15502,1
3054,1
8844,1
20709,1
21021,0
20178,1
11636,0
14736,0
27372,1
33142,1
13275,1
19267,1
27246,1
15718,1
5182,1
35413,1
8714,1
25321,1
8932,1
537,1
23455,1
17040,1
7252,1
17689,1
17975,0
31147,1
25762,1
17144,0
5106,0
10083,0
9281,1
20884,1
8533,1
36029,1
22094,1
491,1
36387,1
9832,0
34161,1
21963,1
38465,1
11666,1
1533,1
26310,1
18079,1
32468,1
25531,1
23922,0
21152,1
21526,1
32808,1
37960,1
10007,1
21303,1
25490,1
38179,0
2370,1
14226,1
25642,1
27781,1
6519,1
27829,1
28622,1
18411,1
35654,1
25985,1
11371,1
32626,1
36892,1
7207,1
5962,1
24099,1
20023,1
14536,1
37648,1
9164,1
37822,1
18391,1
6769,1
32431,1
6170,1
25948,0
10355,1
37156,1
8627,1
16258,1
32714,1
31011,0
10931,1
31009,1
37377,1
34015,1
35252,1
27741,1
33800,1
11282,1
25838,0
1305,1
2568,1
2052,1
13393,0
12108,1
13983,1
3345,1
32521,1
29190,1
24468,1
38213,1
27987,1
25504,1
37252,1
28397,0
7886,1
33163,0
7606,1
2016,1
28382,1
25444,1
9157,1
37746,1
33332,1
32545,1
24240,1
28444,1
30950,1
32980,1
13061,0
15493,1
9108,0
19272,1
19204,1
1341,1
34350,1
32935,0
8117,1
13071,1
4290,1
27053,0
12564,1
11858,0
2299,0
30236,1
26348,1
5169,1
36938,1
26794,1
34809,1
6034,1
30800,0
11784,1
30631,0
33522,1
29267,1
19580,1
16007,1
4797,1
23297,1
10276,1
20737,1
32750,1
4336,1
34237,1
15507,1
26700,1
27089,1
5575,1
26696,1
7990,1
24442,1
15790,0
28712,0
22714,1
26352,1
23700,1
4665,1
27125,1
7725,1
16725,1
19844,1
28527,1
2819,1
6550,1
16786,1
28780,1
31066,1
33696,1
1861,1
12026,1
17674,1
34925,1
14352,1
4368,1
10046,1
6809,1
13600,1
2767,0
25753,1
9708,1
33518,1
32377,1
28957,1
4546,1
7008,1
32375,1
2700,1
37078,1
3983,1
26834,0
4360,1
10204,1
37398,1
683,0
741,0
37504,1
35945,1
36909,1
25792,1
17140,1
35957,1
11598,1
14931,1
11802,0
32841,1
13284,1
3848,1
20634,1
28338,1
12139,0
38480,1
33884,1
30162,1
9149,1
33747,1
23657,0
4554,1
27573,1
19531,1
18684,1
36127,1
38427,1
4267,1
30891,1
12005,1
5128,1
24049,1
38008,0
851,1
25323,0
33370,1
31997,1
11535,1
13806,1
25821,1
33682,1
13330,1
35107,1
7827,1
18374,1
27516,1
7305,1
5354,0
24898,1
9212,1
10372,1
4871,1
8595,1
17349,1
31038,1
3315,1
29162,1
7705,1
15033,1
13845,1
7684,1
29505,1
5931,1
13529,1
28153,1
30165,1
4128,1
1741,0
35819,1
860,1
29615,0
31720,1
13372,1
21658,1
38802,1
36566,1
18973,1
14724,0
25524,1
32212,1
22451,1
14599,1
38505,1
33900,1
19639,1
27862,0
15496,0
31387,1
15095,1
24842,0
31674,1
26804,1
25425,1
34356,0
12375,0
2456,0
6758,1
36286,1
39197,1
22170,1
15846,0
30862,1
17765,1
22292,1
37278,1
18122,1
34737,1
15097,1
23709,0
20821,1
27381,1
34478,1
11527,1
21147,0
28610,1
16364,0
31360,1
13022,1
525,1
16859,1
34166,1
21485,1
3525,0
31485,1
2399,1
199,1
17437,1
18843,1
435,1
30314,1
23059,1
6851,1
29362,1
5987,1
26683,0
36030,1
19043,1
14106,1
14883,1
11585,1
34468,1
32114,1
18788,1
8286,1
12319,1
32736,1
5474,1
30779,1
31006,1
11139,1
31329,1
5396,1
11214,0
8539,0
12742,1
32663,1
20450,1
7059,1
33792,1
24417,1
19058,1
3417,1
20946,1
26628,0
35015,1
24756,1
39222,1
5268,1
15982,1
18246,0
20012,1
22890,1
31155,1
1497,0
3049,1
5700,1
20553,1
29894,1
10082,1
37147,0
24640,1
19653,1
4160,1
37634,1
28922,1
34784,0
32737,1
28994,1
37155,1
22831,1
2941,1
30200,1
26432,0
4984,1
24571,0
31569,1
33396,1
31702,0
33292,1
1472,1
29934,1
29464,1
7888,1
455,1
36188,1
7319,1
17622,1
30170,1
26919,0
9922,1
30705,1
11653,1
2144,1
32149,1
35068,1
28213,1
26194,1
11450,1
6698,1
13210,1
31035,0
38827,1
24317,1
26140,1
19567,1
35509,1
36508,1
15714,1
3014,1
10864,1
19237,1
23863,0
35222,1
31094,1
33933,1
19643,1
20960,0
6305,1
3632,1
15311,1
17643,1
38376,1
7072,1
22939,1
28569,1
21555,1
22668,1
21704,1
13699,1
35264,1
26556,1
14122,1
38929,1
30553,1
9444,1
35743,1
36731,1
32441,1
33967,1
4883,1
26205,1
10457,1
1110,0
2228,1
7942,1
32716,1
18547,1
13346,0
14362,1
38711,1
10841,1
34407,1
27708,1
18073,1
2652,1
30248,1
2809,1
22701,1
592,1
3900,1
11694,0
13509,1
9891,1
23680,0
37495,1
29764,1
34354,1
16196,1
26552,1
4082,1
7561,1
10331,1
3271,1
6783,1
4798,1
18030,1
29802,1
14018,0
25130,1
1485,1
19386,1
21813,1
32172,1
2608,1
29543,1
32163,0
26779,1
29952,0
13024,1
29887,1
25435,0
13799,1
29972,1
5204,1
26165,1
32373,1
26604,1
15973,1
37559,1
19717,0
1111,1
32660,1
1303,1
8684,1
30034,1
14605,0
11516,0
13898,1
35715,0
1564,1
18900,1
8324,1
14528,1
2239,1
32914,1
10065,1
14103,1
23972,0
25014,1
23587,1
10340,1
15867,1
11428,1
8751,0
22268,1
29616,1
4500,0
13311,1
13272,1
8513,1
3364,0
32049,1
2768,1
37198,0
14000,1
20503,1
38317,1
1580,1
39168,1
27341,1
27383,1
17925,1
14364,1
3925,0
35212,1
28795,0
15865,0
34568,1
9078,0
18459,0
18469,1
9302,1
12103,1
18420,0
16662,0
5101,1
5113,1
8406,1
18406,1
18914,0
7818,1
38571,1
16140,1
25855,1
20376,1
3142,1
35202,1
14878,1
13335,1
27268,1
24045,1
29689,1
12610,1
20167,0
6390,0
4260,1
31686,1
37286,1
8296,1
34485,1
32683,1
27800,1
6024,0
11716,1
21007,1
9125,1
6596,1
26743,1
3571,1
3811,0
19645,1
20536,0
36615,1
30566,1
37567,1
22195,1
30873,1
30159,1
2648,1
39321,1
19517,1
29917,1
124,1
25773,1
32359,1
14158,1
13830,1
36864,1
35394,1
30819,1
34190,1
22011,0
7264,1
12227,1
12247,1
26025,1
8169,0
27074,1
88,1
18624,1
31897,1
15787,1
27013,1
19452,1
20133,1
2019,1
7007,1
23668,1
37021,1
34000,1
29389,1
12475,1
21367,1
13772,1
14977,1
38815,1
15065,1
18825,1
30808,1
5086,1
6202,1
7058,0
37835,0
22481,1
29361,1
32390,1
26049,1
30081,1
32930,0
23371,0
27287,0
21156,0
7529,0
9684,0
10774,0
21033,1
23138,1
29123,0
10336,0
1181,1
32235,1
31322,0
18873,0
17733,0
33482,1
24569,0
24595,1
29130,0
11178,0
14190,1
4866,0
6318,0
34907,1
26761,0
11682,0
1379,0
2965,0
16621,0
23285,0
32748,1
8597,0
8479,1
18242,0
1190,0
8510,0
13885,0
5467,0
37637,0
15075,1
19050,1
1801,0
29204,1
34967,1
27834,0
11226,0
9032,0
33955,1
17443,1
2330,0
26842,0
38270,0
5684,1
14015,0
30741,1
4839,1
28292,0
23650,0
22306,1
13314,1
8061,0
14502,1
2377,1
21703,0
15941,0
1283,1
36719,0
1430,1
36090,1
18536,0
26961,1
38716,1
16818,1
7855,0
35344,0
14185,0
26986,1
31004,0
5973,1
2482,0
25049,0
13383,1
10458,1
29697,1
445,0
11580,0
20039,0
32852,0
19367,0
11831,0
4019,0
18769,1
21002,0
29741,0
4754,0
36290,0
10224,0
19259,1
26781,0
19041,0
14805,1
34216,0
30576,0
29066,0
8233,0
5874,0
33944,1
7422,0
11286,1
29724,0
18250,0
24365,0
2202,0
24156,1
5933,0
9056,1
16342,0
8692,0
2927,1
12903,0
27621,1
1579,0
9575,1
17106,0
29555,0
1928,1
8213,1
18016,1
38749,1
27563,0
12443,1
2059,0
24108,0
21457,1
16934,0
9398,0
10481,0
34814,1
35898,1
30643,0
30169,0
24981,0
37411,0
21706,0
15108,0
7571,0
13978,0
2967,0
8201,0
23198,0
36988,0
37038,0
27211,0
28227,1
4182,0
21788,1
11589,0
7048,1
32078,1
24882,0
38908,0
34685,0
3991,0
7654,1
35683,0
26723,0
19197,1
27399,1
17359,0
33085,0
18715,0
13307,0
7691,0
18565,0
29767,1
27468,0
35596,1
36278,0
2445,1
20489,0
26434,0
3344,0
29067,0
17999,1
34845,0
26641,1
1134,1
27628,0
26092,1
27313,1
24515,0
29432,0
20173,1
12670,0
17452,0
6231,0
34697,0
36559,1
16761,1
2196,1
14462,0
33282,0
19365,0
27139,0
28380,0
19601,0
18733,0
31001,1
19545,1
2011,1
23415,1
29920,0
13300,0
27837,1
14430,0
26698,0
2331,0
38693,0
33763,1
2631,0
9610,0
6391,1
23378,0
2288,0
30105,1
26253,1
10887,0
10979,1
34509,1
36213,0
9389,0
16190,1
30664,0
26586,1
2737,0
34083,1
32961,0
5094,0
4203,0
14950,0
34304,0
9793,1
1129,0
38674,0
2591,0
38945,1
15995,0
36880,0
12648,1
4158,1
35253,1
12338,0
11200,1
37267,1
6514,1
38563,0
15430,0
35972,0
38625,0
6731,1
15614,1
86,1
32511,1
20429,0
11066,0
32882,0
32415,1
25817,1
22723,0
19804,1
39325,0
25518,0
34963,1
7060,1
536,0
239,1
13764,0
4365,1
22638,1
16000,1
29429,1
13152,0
31714,1
4168,1
18302,0
17303,1
7670,0
19896,0
27192,0
17282,1
15944,1
19468,0
20228,1
19867,0
15608,0
2559,0
473,0
11641,0
22123,0
10101,0
10158,0
20801,0
23293,1
5406,1
29328,0
22580,1
35878,0
23040,1
6607,1
10803,0
13911,0
28023,1
4120,0
9722,1
16279,1
16960,1
28809,1
13841,1
22743,0
24774,0
11359,1
37288,0
35871,0
4110,0
2411,0
34280,0
11165,0
29374,0
853,1
13211,1
17074,1
16282,1
33942,0
17320,1
22621,1
17362,1
26169,0
34606,0
17790,0
17798,1
9524,0
16872,1
19882,0
16393,0
10100,0
8687,1
25752,0
33943,0
17389,0
4254,0
17027,0
37201,0
33436,0
19148,0
13767,1
30295,1
15683,1
24135,1
37633,0
12083,0
20844,0
9178,0
38730,1
6080,0
1687,0
29257,0
28226,0
477,1
3371,0
1772,0
15698,1
691,0
18637,1
16637,1
30010,1
16714,0
38082,0
35101,1
22620,1
1774,0
14197,0
18629,0
25203,1
7613,0
13378,0
37433,1
15488,0
4507,1
21938,1
15404,0
29503,0
14934,0
36730,1
14790,0
24408,1
35503,0
26153,0
7385,1
15959,1
22785,0
13748,0
10961,1
6019,1
18836,1
7144,0
6,0
14240,0
19936,1
6825,0
21827,0
14519,0
36210,0
324,0
36565,0
35479,1
4718,0
26298,1
29153,0
20873,0
2903,0
23950,0
30619,1
23987,0
24252,1
35775,1
22108,1
2571,0
13291,1
14044,1
6444,1
17257,1
21434,0
5998,1
33513,0
24647,1
25551,0
14507,1
26317,0
24861,1
1138,0
32367,0
1570,0
20568,1
2757,0
4788,1
25672,0
3878,1
34674,0
25199,1
22107,1
26142,0
13703,1
22753,1
13564,0
26742,1
22522,1
12612,0
28674,0
8161,0
14205,0
16985,0
25103,0
2152,0
3155,1
31591,0
3771,0
29481,0
4184,0
35130,1
12289,1
35103,0
27504,1
24318,0
35234,0
16744,1
29489,1
38977,0
3038,0
4228,1
4493,0
31846,1
30754,1
9869,0
20162,1
6002,0
14174,0
10173,0
17069,0
29945,1
32067,0
17827,0
30735,0
32157,1
1280,0
11908,1
20025,0
23134,1
33379,0
26699,1
17242,0
10818,1
8661,1
24556,1
3585,0
826,1
3384,1
38264,1
34854,1
4987,0
13823,0
17253,0
35466,0
28792,0
20118,1
1194,0
35561,0
21804,1
25443,0
10954,0
28141,1
3129,0
8052,0
24134,1
27452,1
1257,1
10177,1
37727,1
17298,0
20460,1
27143,0
29506,0
1676,1
2122,1
35603,1
16968,0
17932,0
20944,0
34863,1
3103,1
12362,0
26138,0
24086,0
25025,0
22053,0
33708,1
26803,0
3658,1
19208,0
31068,0
23009,0
9218,1
14294,1
26649,1
25956,0
4802,1
13882,0
29215,0
26030,1
31970,0
6819,1
8721,0
6779,1
37174,0
8356,1
12618,0
5527,0
17661,1
13407,0
37540,0
8184,0
30627,0
30657,0
35529,0
12147,0
22034,0
35002,0
18723,0
20629,0
6044,0
19700,1
13975,1
27655,0
31019,0
27129,0
30783,0
28797,0
21867,1
22786,0
20297,1
30005,1
23508,1
9305,0
13146,0
27645,0
31347,0
31503,1
19784,1
3557,1
12378,0
23433,0
9190,0
5191,1
28491,1
29109,1
33238,0
24361,0
18573,1
2435,0
36008,1
1237,0
8807,1
369,0
27994,1
37696,1
4966,1
20319,1
17615,0
2326,0
359,1
31080,1
19145,1
17361,1
18197,1
10500,0
17010,0
5464,0
30942,1
30575,1
26806,1
8355,1
30011,0
27634,0
18431,1
36466,0
13341,1
31406,0
23250,0
4513,0
18344,1
58,1
11984,1
5202,0
17419,0
26401,0
5832,0
32576,1
22009,1
16688,0
11171,0
36596,0
21443,0
34766,0
14636,1
7712,0
34425,1
37166,0
27832,0
24061,1
17613,0
11758,1
25575,1
27542,0
12679,1
30786,0
12317,1
2886,0
27302,0
31538,0
14892,1
19130,1
27047,0
5546,0
3735,0
36903,0
27830,0
21442,0
29881,0
14848,1
5359,1
34261,0
1095,1
33377,0
33728,1
27487,0
25266,0
13264,0
15677,0
26409,0
15349,0
36166,0
37081,0
24794,0
17960,0
28698,0
25648,0
28993,0
28872,0
35082,0
10121,0
2023,0
712,1
25295,0
34014,1
3897,0
35138,0
37009,0
5536,0
5765,0
6983,1
28964,0
13610,1
23255,0
25219,0
17988,0
38808,1
3274,0
18904,0
36923,0
2994,0
5889,0
9646,1
14685,1
5995,0
33073,0
38311,0
20257,0
1004,1
10293,1
15268,0
21716,1
18186,0
22719,1
12170,1
10858,0
29443,1
4863,1
30133,0
28486,1
5045,1
6459,0
10608,0
25302,0
16303,0
29560,0
10460,0
23867,1
23744,0
5694,1
30737,0
4799,0
29068,0
38970,0
36842,1
36686,0
33368,0
2241,0
38202,0
33020,0
18147,1
30225,1
6850,1
23054,0
146,0
2808,0
5367,0
4618,0
29832,0
26721,1
12761,1
7730,0
11770,1
6211,1
2428,0
27467,0
1336,1
10857,1
2453,0
12807,0
11103,0
29470,0
175,1
28031,0
22386,0
38537,1
4258,1
27639,1
21855,0
32575,0
12265,0
2507,0
22539,0
16731,1
28281,0
13913,1
13822,0
13633,0
32171,0
7476,0
37967,0
26358,0
30245,0
2698,0
1146,0
28985,0
11563,0
28832,1
22277,1
10447,1
21374,0
20866,1
39163,1
22941,1
1728,1
29870,1
36245,0
25959,0
7911,0
23406,1
34982,0
11628,0
36207,0
667,1
26192,1
6973,1
38478,0
13279,0
22051,0
21493,0
7249,0
12524,1
27990,0
34591,0
26208,0
363,0
13313,0
852,0
3191,1
13181,1
6742,0
9897,0
34994,1
33530,1
28034,1
27521,1
10796,0
17228,0
2101,1
209,0
15902,1
15567,0
12942,1
3584,1
6948,1
18296,1
11946,0
12341,0
3881,1
32473,1
33351,0
16865,1
12975,0
14196,1
15824,0
20421,0
28353,1
8236,0
11117,1
822,0
31626,1
2396,1
539,1
846,0
5706,1
36206,0
3297,0
6091,1
2231,0
946,0
16195,0
32051,1
7979,1
24990,0
4809,0
28411,0
24711,1
13203,0
1654,1
20181,0
25156,1
38244,0
9537,1
17642,1
7575,1
9908,0
20622,0
5049,1
33862,0
1523,0
9098,1
10636,0
8767,0
7115,0
1713,0
21875,0
30966,0
31414,0
27428,0
17826,0
25622,0
30118,0
13332,1
6542,0
10095,0
21113,0
15670,1
8557,0
7702,0
15879,1
38439,0
21045,0
17347,1
7816,0
36962,0
30669,0
18947,1
20456,0
7937,0
17620,0
12072,0
2498,0
32948,0
7445,0
29818,1
22802,0
38832,0
5284,1
3302,0
14486,0
37257,1
36683,0
22921,1
26024,1
14908,0
20121,1
19118,1
29501,1
30734,0
27561,0
27090,0
22021,1
22660,0
6861,1
10360,0
266,0
22089,0
31656,0
16119,0
5088,0
24895,1
20279,1
22855,1
5446,0
28497,1
25027,1
10804,0
35085,0
26021,0
18377,0
30102,0
37813,1
2884,0
35790,0
9906,0
18022,0
24303,1
12422,0
27539,1
16529,1
38079,0
18009,1
29643,0
10437,1
34565,0
4590,1
32850,0
10661,1
28478,0
25788,1
23049,0
30251,0
27652,0
26463,1
1360,1
8320,0
28645,0
14772,1
37587,0
35584,0
22497,0
14134,0
34578,0
30457,0
29590,0
22462,0
38289,0
25026,1
20613,1
21971,1
21479,1
34579,1
17008,1
38422,0
13289,0
29206,1
18652,1
32612,1
29565,0
655,0
37684,0
30380,1
34219,0
8538,1
14635,0
9402,0
4795,0
34334,1
27008,0
3670,0
32559,1
27100,0
21024,1
476,1
32300,1
10261,0
33088,1
1700,0
9694,0
28965,0
39038,1
20196,1
30157,0
10805,1
33179,1
31611,0
24673,0
39206,0
35712,1
19813,0
14155,0
24500,0
14617,0
5521,0
9129,0
4143,1
24406,1
6066,0
24783,1
5189,1
30730,0
16089,0
36498,0
29455,0
36222,0
37491,1
35087,1
32777,0
29759,0
29897,1
12476,0
17058,0
11432,1
33222,1
30211,0
7843,1
23693,0
27674,1
32328,0
31836,0
18107,1
33860,0
15950,0
24878,1
14732,0
18237,0
16373,0
29749,0
16289,1
23686,1
1269,0
12184,0
7788,1
33098,0
37016,0
34418,0
15729,1
2683,0
36967,0
8247,0
32349,1
32497,0
14180,0
18314,0
4240,1
32385,1
11397,1
24302,0
32770,0
37553,1
28146,1
20248,1
28302,0
14025,0
8843,0
7925,1
8267,0
26179,0
15407,0
11406,0
17972,0
37836,1
18668,0
7223,0
6457,0
21896,0
7960,1
31333,0
32351,1
19000,0
16746,0
1910,1
33101,0
20322,1
15111,0
7228,1
16719,1
18264,0
15101,1
32981,0
27345,0
15572,0
32206,0
36390,0
14098,0
26643,0
24703,1
36311,0
33230,1
813,0
8555,0
27356,0
30586,0
12076,0
37505,1
20529,1
21791,0
9467,1
8366,0
12021,1
35337,0
4101,1
32732,0
38392,0
10359,1
1974,1
34331,0
4434,0
21825,1
4509,1
33786,0
3087,0
13878,1
16758,0
27037,0
32944,0
18144,0
2728,0
34290,1
8492,0
16763,0
28406,1
12181,0
4614,0
12492,0
27173,1
32759,0
19670,0
31991,0
4728,0
2182,0
17928,1
36822,1
31376,0
24920,0
18269,0
19767,0
8738,0
3610,0
36982,1
599,1
36359,0
3141,1
31736,0
30695,0
898,0
2978,0
28251,0
38412,1
23531,0
12521,0
32919,0
27473,0
1594,1
29040,1
12804,1
36121,1
16677,1
978,0
22908,0
39049,0
27919,0
576,0
20372,1
20109,0
8095,1
38807,0
27477,0
36603,1
39133,1
10826,0
9415,1
34381,0
37736,1
24725,0
38574,0
36666,1
35067,0
28613,0
35121,0
5528,1
25746,0
5588,0
10169,1
14229,0
5840,0
16914,0
11639,0
26796,0
15401,0
24478,1
27582,0
36775,0
2505,0
12059,0
17811,1
37627,0
38254,0
11599,0
16071,0
15062,0
23282,0
17835,0
33469,1
22131,1
24781,0
29261,1
13389,0
38155,0
7157,0
4724,1
24695,0
14392,1
28628,1
15220,0
22437,1
22196,0
7724,0
33839,0
32204,0
7871,1
17923,1
21821,0
16502,0
19036,0
15044,1
7049,1
12811,1
38547,0
25459,0
37939,0
13611,1
33318,1
12594,0
37132,1
19351,0
29279,1
31369,0
2632,0
18768,1
9664,0
12196,0
4012,0
8810,1
5797,1
6950,0
2353,1
16522,1
24357,0
6250,0
37552,1
19398,1
2149,1
9062,1
17533,0
20857,0
19674,1
1397,0
4683,0
38829,1
8427,0
32735,0
32849,1
7373,1
32537,0
25645,0
34816,1
27586,1
13691,0
16003,0
14652,0
9889,1
32526,0
27839,1
31199,0
25147,0
37636,1
6537,1
9154,0
1852,0
17143,0
31424,0
25082,1
19650,0
900,1
20398,1
23771,1
9943,0
19591,0
26079,1
6413,0
2526,0
14308,0
9219,0
31352,1
16631,1
20936,0
15030,0
16247,1
14762,0
16131,0
13759,1
22272,1
11855,0
32434,0
16188,1
11706,0
39196,0
30686,0
24670,1
9278,1
37337,1
17271,1
2558,1
22449,1
4598,0
38019,1
26362,1
38230,0
19092,0
36836,1
14469,0
36839,1
14746,0
16575,0
34050,0
28853,1
17018,0
32570,0
6737,1
26411,0
15956,0
19070,1
31430,0
3876,1
20710,1
26015,1
12970,0
